index,location,time_of_day,soc,distance,coil_type,duration,v_pri_v,a_pri_a,v_sin_v,a_sin_a,v_sout_v,a_sout_a,t_coil_c,t_ambiant_c,timestamp
0,Umraniye,Noon,20%,40,Single,30,212,4.7,162,4.2,48,12,33,21,2025-03-28 14:25:27
1,Umraniye,Noon,20%,40,Single,30,216,4.5,164,4.3,48,12,37,21,2025-03-28 14:25:32
2,Umraniye,Noon,20%,40,Single,30,212,4.5,164,4.2,48,12,43,23,2025-03-28 14:25:37
3,Umraniye,Noon,20%,40,Single,30,210,4.6,164,4.1,48,12,47,22,2025-03-28 14:25:42
4,Umraniye,Noon,20%,40,Single,30,214,4.6,162,4.2,48,12,50,26,2025-03-28 14:25:47
5,Umraniye,Noon,20%,40,Single,30,212,4.7,164,4.2,48,12,51,21,2025-03-28 14:25:52
6,Umraniye,Noon,20%,40,Single,30,210,5.2,160,4.6,48,12,54,22,2025-03-28 14:25:57
7,Umraniye,Noon,20%,40,Single,30,214,4.5,160,4.2,48,12,55,21,2025-03-28 14:26:02
8,Umraniye,Noon,20%,40,Single,30,214,5.0,162,4.4,48,12,56,22,2025-03-28 14:26:07
9,Umraniye,Noon,20%,40,Single,30,214,4.9,164,4.1,48,12,50,27,2025-03-28 14:26:12
10,Umraniye,Noon,20%,40,Single,30,212,5.2,162,4.3,48,12,50,22,2025-03-28 14:26:17
11,Umraniye,Noon,20%,40,Single,30,214,4.6,162,4.2,48,12,50,26,2025-03-28 14:26:22
12,Umraniye,Noon,20%,40,Single,30,218,4.6,164,4.2,48,12,50,26,2025-03-28 14:26:27
13,Umraniye,Noon,20%,40,Single,30,212,4.3,162,4.4,48,12,50,28,2025-03-28 14:26:32
14,Umraniye,Noon,20%,40,Single,30,216,4.6,164,4.4,48,12,50,26,2025-03-28 14:26:37
15,Umraniye,Noon,20%,40,Single,30,218,4.9,158,4.1,48,12,50,30,2025-03-28 14:26:42
16,Umraniye,Noon,20%,40,Single,30,210,4.7,162,4.3,48,12,50,24,2025-03-28 14:26:47
17,Umraniye,Noon,20%,40,Single,30,216,4.6,164,4.2,48,12,51,29,2025-03-28 14:26:52
18,Umraniye,Noon,20%,40,Single,30,218,4.7,162,4.3,48,12,52,25,2025-03-28 14:26:57
19,Umraniye,Noon,20%,40,Single,30,214,4.5,164,4.7,48,12,54,25,2025-03-28 14:27:02
20,Umraniye,Noon,20%,40,Single,30,212,4.6,164,4.3,48,12,56,24,2025-03-28 14:27:07
21,Umraniye,Noon,20%,40,Single,30,216,4.6,160,4.3,48,12,57,31,2025-03-28 14:27:12
22,Umraniye,Noon,20%,40,Single,30,214,4.7,162,4.3,48,12,58,32,2025-03-28 14:27:17
23,Umraniye,Noon,20%,40,Single,30,212,4.7,164,4.9,48,12,60,31,2025-03-28 14:27:22
24,Umraniye,Noon,20%,40,Single,30,214,5.3,166,4.8,48,12,62,26,2025-03-28 14:27:27
25,Umraniye,Noon,20%,40,Single,30,216,4.7,162,4.2,48,12,63,25,2025-03-28 14:27:32
26,Umraniye,Noon,20%,40,Single,30,212,5.1,164,4.7,48,12,64,26,2025-03-28 14:27:37
27,Umraniye,Noon,20%,40,Single,30,214,5.0,166,4.5,48,12,66,26,2025-03-28 14:27:42
28,Umraniye,Noon,20%,40,Single,30,214,4.9,160,4.3,48,12,68,32,2025-03-28 14:27:47
29,Umraniye,Noon,20%,40,Single,30,210,4.7,164,4.2,48,12,69,27,2025-03-28 14:27:52
30,Umraniye,Noon,20%,40,Single,30,216,4.7,162,4.2,48,12,71,29,2025-03-28 14:27:57
31,Umraniye,Noon,20%,40,Single,30,214,4.7,162,4.7,48,12,72,32,2025-03-28 14:28:02
32,Umraniye,Noon,20%,40,Single,30,218,4.6,164,4.2,48,12,73,32,2025-03-28 14:28:07
33,Umraniye,Noon,20%,40,Single,30,214,4.6,162,4.3,48,12,75,33,2025-03-28 14:28:12
34,Umraniye,Noon,20%,40,Single,30,212,5.0,164,4.3,48,12,76,32,2025-03-28 14:28:17
35,Umraniye,Noon,20%,40,Single,30,216,4.7,164,4.4,48,12,79,29,2025-03-28 14:28:22
36,Umraniye,Noon,20%,40,Single,30,212,5.1,168,4.5,48,12,79,33,2025-03-28 14:28:27
37,Umraniye,Noon,20%,40,Single,30,216,4.5,160,4.2,48,12,82,33,2025-03-28 14:28:32
38,Umraniye,Noon,20%,40,Single,30,214,4.5,166,4.6,48,12,82,26,2025-03-28 14:28:37
39,Umraniye,Noon,20%,40,Single,30,212,5.5,160,4.6,48,12,84,30,2025-03-28 14:28:42
40,Umraniye,Noon,20%,40,Single,30,212,4.8,166,4.8,48,12,86,31,2025-03-28 14:28:47
41,Umraniye,Noon,20%,40,Single,30,216,4.7,162,4.1,48,12,87,28,2025-03-28 14:28:52
42,Umraniye,Noon,20%,40,Single,30,210,5.1,162,4.6,48,12,90,31,2025-03-28 14:28:57
43,Umraniye,Noon,20%,40,Single,30,212,4.7,162,4.9,48,12,92,32,2025-03-28 14:29:02
44,Umraniye,Noon,20%,40,Single,30,216,4.6,164,4.7,48,12,93,33,2025-03-28 14:29:07
45,Umraniye,Noon,20%,40,Single,30,212,4.7,162,4.2,48,12,94,31,2025-03-28 14:29:12
46,Umraniye,Noon,20%,40,Single,30,214,4.6,164,4.2,48,12,96,29,2025-03-28 14:29:17
47,Umraniye,Noon,20%,40,Single,30,214,4.6,162,4.1,48,12,97,32,2025-03-28 14:29:22
48,Umraniye,Noon,20%,40,Single,30,214,4.5,162,4.2,48,12,99,30,2025-03-28 14:29:27
49,Umraniye,Noon,20%,40,Single,30,214,5.2,164,4.3,48,12,101,35,2025-03-28 14:29:32
50,Umraniye,Noon,20%,40,Single,30,220,5.3,164,4.7,48,12,101,32,2025-03-28 14:29:36
51,Umraniye,Noon,20%,40,Single,30,216,4.8,164,4.1,48,12,103,30,2025-03-28 14:29:42
52,Umraniye,Noon,20%,40,Single,30,212,4.7,166,4.5,48,12,104,29,2025-03-28 14:29:47
53,Umraniye,Noon,20%,40,Single,30,214,4.6,160,4.2,48,12,105,33,2025-03-28 14:29:52
54,Umraniye,Noon,20%,40,Single,30,214,4.0,162,4.3,48,12,106,30,2025-03-28 14:29:56
55,Umraniye,Noon,20%,40,Single,30,214,4.7,164,4.7,48,12,108,30,2025-03-28 14:30:01
56,Umraniye,Noon,20%,40,Single,30,212,4.3,164,4.4,48,12,109,28,2025-03-28 14:30:07
57,Umraniye,Noon,20%,40,Single,30,214,5.0,158,4.6,48,12,109,31,2025-03-28 14:30:12
58,Umraniye,Noon,20%,40,Single,30,220,4.7,164,4.2,48,12,110,35,2025-03-28 14:30:16
59,Umraniye,Noon,20%,40,Single,30,214,4.5,162,4.2,48,12,110,32,2025-03-28 14:30:22
60,Umraniye,Noon,20%,40,Single,30,218,4.5,164,4.5,48,12,112,35,2025-03-28 14:30:27
61,Umraniye,Noon,20%,40,Single,30,216,5.3,164,4.5,48,12,112,34,2025-03-28 14:30:32
62,Umraniye,Noon,20%,40,Single,30,212,5.0,168,4.6,48,12,112,32,2025-03-28 14:30:36
63,Umraniye,Noon,20%,40,Single,30,216,4.5,162,4.2,48,12,114,36,2025-03-28 14:30:42
64,Umraniye,Noon,20%,40,Single,30,218,4.3,162,4.2,48,12,115,34,2025-03-28 14:30:47
65,Umraniye,Noon,20%,40,Single,30,212,4.6,160,4.2,48,12,115,35,2025-03-28 14:30:52
66,Umraniye,Noon,20%,40,Single,30,216,4.5,160,4.3,48,12,115,30,2025-03-28 14:30:57
67,Umraniye,Noon,20%,40,Single,30,216,4.8,162,4.2,48,12,115,30,2025-03-28 14:31:01
68,Umraniye,Noon,20%,40,Single,30,210,5.3,164,4.5,48,12,115,37,2025-03-28 14:31:07
69,Umraniye,Noon,20%,40,Single,30,214,4.8,164,4.4,48,12,115,37,2025-03-28 14:31:12
70,Umraniye,Noon,20%,40,Single,30,216,5.0,160,4.1,48,12,116,30,2025-03-28 14:31:17
71,Umraniye,Noon,20%,40,Single,30,212,4.4,164,4.3,48,12,116,32,2025-03-28 14:31:21
72,Umraniye,Noon,20%,40,Single,30,214,5.2,160,4.7,48,12,116,37,2025-03-28 14:31:27
73,Umraniye,Noon,20%,40,Single,30,220,4.7,160,4.3,48,12,116,32,2025-03-28 14:31:32
74,Umraniye,Noon,20%,40,Single,30,218,4.6,162,4.1,48,12,118,37,2025-03-28 14:31:37
75,Umraniye,Noon,20%,40,Single,30,214,4.6,164,4.2,48,12,120,35,2025-03-28 14:31:42
76,Umraniye,Noon,20%,40,Single,30,220,5.3,162,4.5,48,12,120,30,2025-03-28 14:31:47
77,Umraniye,Noon,20%,40,Single,30,214,4.6,164,4.3,48,12,120,32,2025-03-28 14:31:52
78,Umraniye,Noon,20%,40,Single,30,216,4.6,164,4.2,48,12,120,32,2025-03-28 14:31:57
79,Umraniye,Noon,20%,40,Single,30,214,4.9,164,4.4,48,12,120,32,2025-03-28 14:32:02
80,Umraniye,Noon,20%,40,Single,30,212,4.7,164,4.3,48,12,120,30,2025-03-28 14:32:06
81,Umraniye,Noon,20%,40,Single,30,214,4.9,162,4.2,48,12,116,35,2025-03-28 14:32:12
82,Umraniye,Noon,20%,40,Single,30,212,5.3,162,4.2,48,12,114,33,2025-03-28 14:32:17
83,Umraniye,Noon,20%,40,Single,30,212,4.6,162,4.3,48,12,116,35,2025-03-28 14:32:22
84,Umraniye,Noon,20%,40,Single,30,214,4.7,168,4.6,48,12,116,31,2025-03-28 14:32:26
85,Umraniye,Noon,20%,40,Single,30,214,5.1,164,4.1,48,12,122,37,2025-03-28 14:32:32
86,Umraniye,Noon,20%,40,Single,30,216,4.6,162,4.2,48,12,120,33,2025-03-28 14:32:37
87,Umraniye,Noon,20%,40,Single,30,214,5.5,164,4.6,48,12,120,32,2025-03-28 14:32:42
88,Umraniye,Noon,20%,40,Single,30,212,4.7,162,4.2,48,12,120,31,2025-03-28 14:32:46
89,Umraniye,Noon,20%,40,Single,30,218,4.7,166,4.6,48,12,122,31,2025-03-28 14:32:52
90,Umraniye,Noon,20%,40,Single,30,216,5.4,168,4.7,48,12,121,31,2025-03-28 14:32:57
91,Umraniye,Noon,20%,40,Single,30,210,4.8,168,4.6,48,12,125,35,2025-03-28 14:33:02
92,Umraniye,Noon,20%,40,Single,30,212,4.6,164,4.1,48,12,123,31,2025-03-28 14:33:06
93,Umraniye,Noon,20%,40,Single,30,218,4.7,160,4.3,48,12,124,32,2025-03-28 14:33:12
94,Umraniye,Noon,20%,40,Single,30,212,4.7,166,4.5,48,12,125,31,2025-03-28 14:33:17
95,Umraniye,Noon,20%,40,Single,30,212,4.7,162,4.6,48,12,126,36,2025-03-28 14:33:22
96,Umraniye,Noon,20%,40,Single,30,218,4.7,162,4.1,48,12,125,32,2025-03-28 14:33:26
97,Umraniye,Noon,20%,40,Single,30,214,4.5,162,4.1,48,12,128,36,2025-03-28 14:33:32
98,Umraniye,Noon,20%,40,Single,30,212,4.2,162,4.2,48,12,126,36,2025-03-28 14:33:37
99,Umraniye,Noon,20%,40,Single,30,218,5.2,164,4.7,48,12,127,36,2025-03-28 14:33:42
100,Umraniye,Noon,20%,40,Single,30,212,4.7,162,4.3,48,12,126,32,2025-03-28 14:33:47
101,Umraniye,Noon,20%,40,Single,30,216,4.7,164,4.2,48,12,126,31,2025-03-28 14:33:51
102,Umraniye,Noon,20%,40,Single,30,214,4.7,162,4.1,48,12,127,33,2025-03-28 14:33:57
103,Umraniye,Noon,20%,40,Single,30,212,4.8,164,4.3,48,12,126,32,2025-03-28 14:34:02
104,Umraniye,Noon,20%,40,Single,30,214,4.7,164,4.6,48,12,126,33,2025-03-28 14:34:07
105,Umraniye,Noon,20%,40,Single,30,212,4.7,164,4.4,48,12,127,31,2025-03-28 14:34:11
106,Umraniye,Noon,20%,40,Single,30,214,5.3,164,4.6,48,12,126,34,2025-03-28 14:34:17
107,Umraniye,Noon,20%,40,Single,30,216,5.0,162,4.8,48,12,126,33,2025-03-28 14:34:22
108,Umraniye,Noon,20%,40,Single,30,212,4.6,162,4.2,48,12,126,37,2025-03-28 14:34:27
109,Umraniye,Noon,20%,40,Single,30,216,5.1,164,4.1,48,12,126,32,2025-03-28 14:34:31
110,Umraniye,Noon,20%,40,Single,30,212,4.1,162,4.2,48,12,126,38,2025-03-28 14:34:37
111,Umraniye,Noon,20%,40,Single,30,212,4.7,162,4.2,48,12,126,34,2025-03-28 14:34:42
112,Umraniye,Noon,20%,40,Single,30,216,4.7,162,4.1,48,12,126,31,2025-03-28 14:34:47
113,Umraniye,Noon,20%,40,Single,30,216,4.7,166,4.8,48,12,126,32,2025-03-28 14:34:52
114,Umraniye,Noon,20%,40,Single,30,212,4.6,162,4.1,48,12,126,34,2025-03-28 14:34:57
115,Umraniye,Noon,20%,40,Single,30,214,5.0,164,4.6,48,12,126,38,2025-03-28 14:35:02
116,Umraniye,Noon,20%,40,Single,30,218,4.8,164,4.6,48,12,126,36,2025-03-28 14:35:07
117,Umraniye,Noon,20%,40,Single,30,212,5.1,164,4.1,48,12,126,37,2025-03-28 14:35:12
118,Umraniye,Noon,20%,40,Single,30,212,4.5,162,4.2,48,12,126,37,2025-03-28 14:35:17
119,Umraniye,Noon,20%,40,Single,30,216,4.3,160,4.3,48,12,126,32,2025-03-28 14:35:22
120,Umraniye,Noon,20%,40,Single,30,214,4.7,162,4.2,48,12,126,34,2025-03-28 14:35:27
121,Umraniye,Noon,20%,40,Single,30,212,4.8,164,4.5,48,12,126,38,2025-03-28 14:35:32
122,Umraniye,Noon,20%,40,Single,30,218,4.9,166,4.6,48,12,126,34,2025-03-28 14:35:37
123,Umraniye,Noon,20%,40,Single,30,214,4.6,164,4.2,48,12,126,36,2025-03-28 14:35:41
124,Umraniye,Noon,20%,40,Single,30,214,4.7,162,4.2,48,12,126,31,2025-03-28 14:35:47
125,Umraniye,Noon,20%,40,Single,30,214,4.9,164,4.1,48,12,126,37,2025-03-28 14:35:52
126,Umraniye,Noon,20%,40,Single,30,216,4.6,164,4.2,48,12,126,34,2025-03-28 14:35:57
127,Umraniye,Noon,20%,40,Single,30,218,4.7,162,4.2,48,12,126,35,2025-03-28 14:36:01
128,Umraniye,Noon,20%,40,Single,30,212,5.1,158,4.3,48,12,126,34,2025-03-28 14:36:07
129,Umraniye,Noon,20%,40,Single,30,216,4.5,162,4.2,48,12,126,36,2025-03-28 14:36:12
130,Umraniye,Noon,20%,40,Single,30,218,4.7,160,4.1,48,12,126,32,2025-03-28 14:36:17
131,Umraniye,Noon,20%,40,Single,30,212,4.7,160,4.2,48,12,126,34,2025-03-28 14:36:21
132,Umraniye,Noon,20%,40,Single,30,216,4.6,162,4.2,48,12,126,37,2025-03-28 14:36:27
133,Umraniye,Noon,20%,40,Single,30,214,4.7,162,4.3,48,12,126,33,2025-03-28 14:36:32
134,Umraniye,Noon,20%,40,Single,30,212,4.9,162,4.5,48,12,126,34,2025-03-28 14:36:36
135,Umraniye,Noon,20%,40,Single,30,216,4.6,162,4.1,48,12,126,33,2025-03-28 14:36:41
136,Umraniye,Noon,20%,40,Single,30,220,4.9,164,4.7,48,12,126,37,2025-03-28 14:36:47
137,Umraniye,Noon,20%,40,Single,30,212,4.5,164,4.2,48,12,126,38,2025-03-28 14:36:52
138,Umraniye,Noon,20%,40,Single,30,212,5.4,170,4.4,48,12,126,33,2025-03-28 14:36:57
139,Umraniye,Noon,20%,40,Single,30,218,5.2,162,4.8,48,12,126,34,2025-03-28 14:37:01
140,Umraniye,Noon,20%,40,Single,30,212,5.0,160,4.3,48,12,126,33,2025-03-28 14:37:07
141,Umraniye,Noon,20%,40,Single,30,212,5.1,164,4.5,48,12,126,34,2025-03-28 14:37:12
142,Umraniye,Noon,20%,40,Single,30,216,4.5,164,4.0,48,12,126,35,2025-03-28 14:37:16
143,Umraniye,Noon,20%,40,Single,30,212,4.6,162,4.1,48,12,126,32,2025-03-28 14:37:21
144,Umraniye,Noon,20%,40,Single,30,208,4.7,166,4.6,48,12,126,33,2025-03-28 14:37:27
145,Umraniye,Noon,20%,40,Single,30,216,5.3,164,4.1,48,12,126,35,2025-03-28 14:37:32
146,Umraniye,Noon,20%,40,Single,30,214,4.5,164,4.2,48,12,126,34,2025-03-28 14:37:37
147,Umraniye,Noon,20%,40,Single,30,210,4.9,162,4.1,48,12,126,34,2025-03-28 14:37:41
148,Umraniye,Noon,20%,40,Single,30,214,4.5,160,4.3,48,12,126,33,2025-03-28 14:37:46
149,Umraniye,Noon,20%,40,Single,30,214,4.9,162,4.4,48,12,126,37,2025-03-28 14:37:52
150,Umraniye,Noon,20%,40,Single,30,210,4.6,162,4.0,48,12,126,37,2025-03-28 14:37:57
151,Umraniye,Noon,20%,40,Single,30,212,4.5,166,4.4,48,12,126,37,2025-03-28 14:38:01
152,Umraniye,Noon,20%,40,Single,30,212,4.1,166,4.2,48,12,126,33,2025-03-28 14:38:06
153,Umraniye,Noon,20%,40,Single,30,214,4.7,162,4.2,48,12,126,38,2025-03-28 14:38:12
154,Umraniye,Noon,20%,40,Single,30,212,4.8,162,4.1,48,12,126,38,2025-03-28 14:38:17
155,Umraniye,Noon,20%,40,Single,30,214,5.2,164,4.4,48,12,126,33,2025-03-28 14:38:21
156,Umraniye,Noon,20%,40,Single,30,214,4.7,162,4.2,48,12,126,38,2025-03-28 14:38:26
157,Umraniye,Noon,20%,40,Single,30,216,4.6,164,4.1,48,12,126,33,2025-03-28 14:38:32
158,Umraniye,Noon,20%,40,Single,30,214,5.0,158,4.3,48,12,126,35,2025-03-28 14:38:37
159,Umraniye,Noon,20%,40,Single,30,218,4.6,164,4.0,48,12,126,34,2025-03-28 14:38:41
160,Umraniye,Noon,20%,40,Single,30,212,4.6,162,4.2,48,12,126,37,2025-03-28 14:38:47
161,Umraniye,Noon,20%,40,Single,30,214,4.6,164,4.2,48,12,126,33,2025-03-28 14:38:52
162,Umraniye,Noon,20%,40,Single,30,218,4.3,164,4.1,48,12,126,33,2025-03-28 14:38:57
163,Umraniye,Noon,20%,40,Single,30,210,4.7,162,4.2,48,12,126,36,2025-03-28 14:39:02
164,Umraniye,Noon,20%,40,Single,30,212,4.7,162,4.2,48,12,126,39,2025-03-28 14:39:06
165,Umraniye,Noon,20%,40,Single,30,214,4.7,162,4.1,48,12,126,37,2025-03-28 14:39:11
166,Umraniye,Noon,20%,40,Single,30,212,4.8,162,4.5,48,12,126,39,2025-03-28 14:39:16
167,Umraniye,Noon,20%,40,Single,30,214,4.7,162,4.2,48,12,126,36,2025-03-28 14:39:22
168,Umraniye,Noon,20%,40,Single,30,216,5.0,158,4.1,48,12,126,35,2025-03-28 14:39:26
169,Umraniye,Noon,20%,40,Single,30,214,4.6,164,4.1,48,12,126,39,2025-03-28 14:39:31
170,Umraniye,Noon,20%,40,Single,30,212,4.7,164,4.2,48,12,126,35,2025-03-28 14:39:37
171,Umraniye,Noon,20%,40,Single,30,214,4.7,164,4.2,48,12,126,36,2025-03-28 14:39:42
172,Umraniye,Noon,20%,40,Single,30,212,5.1,162,4.3,48,12,126,39,2025-03-28 14:39:46
173,Umraniye,Noon,20%,40,Single,30,210,4.6,164,4.6,48,12,126,33,2025-03-28 14:39:51
174,Umraniye,Noon,20%,40,Single,30,214,5.1,162,4.4,48,12,126,35,2025-03-28 14:39:56
175,Umraniye,Noon,20%,40,Single,30,212,4.3,162,4.3,48,12,126,39,2025-03-28 14:40:01
176,Umraniye,Noon,20%,40,Single,30,216,4.9,164,4.6,48,12,126,34,2025-03-28 14:40:07
177,Umraniye,Noon,20%,40,Single,30,214,4.6,164,4.2,48,12,126,39,2025-03-28 14:40:12
178,Umraniye,Noon,20%,40,Single,30,212,4.6,164,4.7,48,12,126,37,2025-03-28 14:40:16
179,Umraniye,Noon,20%,40,Single,30,214,4.9,162,4.1,48,12,126,38,2025-03-28 14:40:21
180,Umraniye,Noon,20%,40,Single,30,212,4.7,162,4.1,48,12,126,34,2025-03-28 14:40:27
181,Umraniye,Noon,20%,40,Single,30,216,4.6,162,4.2,48,12,126,35,2025-03-28 14:40:32
182,Umraniye,Noon,20%,40,Single,30,214,4.6,160,4.1,48,12,126,39,2025-03-28 14:40:36
183,Umraniye,Noon,20%,40,Single,30,212,4.9,162,4.0,48,12,126,38,2025-03-28 14:40:41
184,Umraniye,Noon,20%,40,Single,30,216,4.9,164,4.6,48,12,126,39,2025-03-28 14:40:46
185,Umraniye,Noon,20%,40,Single,30,218,4.7,164,4.8,48,12,126,37,2025-03-28 14:40:52
186,Umraniye,Noon,20%,40,Single,30,210,5.3,164,4.0,48,12,126,34,2025-03-28 14:40:56
187,Umraniye,Noon,20%,40,Single,30,212,4.6,164,4.1,48,12,126,34,2025-03-28 14:41:01
188,Umraniye,Noon,20%,40,Single,30,216,5.3,162,4.3,48,12,126,33,2025-03-28 14:41:06
189,Umraniye,Noon,20%,40,Single,30,210,4.8,162,4.7,48,12,126,36,2025-03-28 14:41:12
190,Umraniye,Noon,20%,40,Single,30,212,4.5,162,4.1,48,12,126,38,2025-03-28 14:41:16
191,Umraniye,Noon,20%,40,Single,30,214,4.5,162,4.1,48,12,126,39,2025-03-28 14:41:21
192,Umraniye,Noon,20%,40,Single,30,210,4.5,162,4.0,48,12,126,35,2025-03-28 14:41:26
193,Umraniye,Noon,20%,40,Single,30,212,5.3,162,4.4,48,12,126,38,2025-03-28 14:41:32
194,Umraniye,Noon,20%,40,Single,30,220,5.2,160,4.2,48,12,126,34,2025-03-28 14:41:36
195,Umraniye,Noon,20%,40,Single,30,212,4.8,162,4.1,48,12,126,34,2025-03-28 14:41:41
196,Umraniye,Noon,20%,40,Single,30,210,4.6,166,4.5,48,12,126,38,2025-03-28 14:41:46
197,Umraniye,Noon,20%,40,Single,30,214,5.1,160,4.5,48,12,126,39,2025-03-28 14:41:51
198,Umraniye,Noon,20%,40,Single,30,210,4.6,166,4.2,48,12,126,35,2025-03-28 14:41:57
199,Umraniye,Noon,20%,40,Single,30,212,4.7,158,4.3,48,12,126,38,2025-03-28 14:42:01
200,Umraniye,Noon,20%,40,Single,30,212,5.3,164,4.0,48,12,126,34,2025-03-28 14:42:06
201,Umraniye,Noon,20%,40,Single,30,210,4.9,162,4.1,48,12,126,35,2025-03-28 14:42:11
202,Umraniye,Noon,20%,40,Single,30,210,4.9,160,4.0,48,12,126,35,2025-03-28 14:42:17
203,Umraniye,Noon,20%,40,Single,30,210,4.9,164,4.2,48,12,126,36,2025-03-28 14:42:21
204,Umraniye,Noon,20%,40,Single,30,208,4.6,162,4.1,48,12,126,33,2025-03-28 14:42:26
205,Umraniye,Noon,20%,40,Single,30,212,4.7,166,4.7,48,12,126,37,2025-03-28 14:42:31
206,Umraniye,Noon,20%,40,Single,30,210,5.0,166,4.0,48,12,126,33,2025-03-28 14:42:37
207,Umraniye,Noon,20%,40,Single,30,214,5.4,162,4.2,48,12,126,34,2025-03-28 14:42:41
208,Umraniye,Noon,20%,40,Single,30,218,4.6,162,4.1,48,12,126,34,2025-03-28 14:42:46
209,Umraniye,Noon,20%,40,Single,30,212,4.7,162,4.2,48,12,126,33,2025-03-28 14:42:51
210,Umraniye,Noon,20%,40,Single,30,214,4.7,166,4.0,48,12,126,37,2025-03-28 14:42:56
211,Umraniye,Noon,20%,40,Single,30,214,4.6,162,4.1,48,12,126,37,2025-03-28 14:43:02
212,Umraniye,Noon,20%,40,Single,30,210,4.9,164,4.7,48,12,126,35,2025-03-28 14:43:06
213,Umraniye,Noon,20%,40,Single,30,210,4.2,162,4.1,48,12,126,37,2025-03-28 14:43:11
214,Umraniye,Noon,20%,40,Single,30,210,4.9,160,4.7,48,12,126,36,2025-03-28 14:43:16
215,Umraniye,Noon,20%,40,Single,30,210,4.9,164,4.5,48,12,126,40,2025-03-28 14:43:21
216,Umraniye,Noon,20%,40,Single,30,208,5.3,166,4.7,48,12,126,34,2025-03-28 14:43:26
217,Umraniye,Noon,20%,40,Single,30,214,5.0,162,4.1,48,12,126,33,2025-03-28 14:43:31
218,Umraniye,Noon,20%,40,Single,30,208,4.7,168,4.3,48,12,126,38,2025-03-28 14:43:36
219,Umraniye,Noon,20%,40,Single,30,208,4.7,162,4.1,48,12,126,33,2025-03-28 14:43:41
220,Umraniye,Noon,20%,40,Single,30,214,4.8,166,4.2,48,12,126,39,2025-03-28 14:43:46
221,Umraniye,Noon,20%,40,Single,30,208,5.1,162,4.1,48,12,126,36,2025-03-28 14:43:51
222,Umraniye,Noon,20%,40,Single,30,210,5.3,162,4.2,48,12,126,35,2025-03-28 14:43:56
223,Umraniye,Noon,20%,40,Single,30,214,4.6,168,4.0,48,12,126,35,2025-03-28 14:44:02
224,Umraniye,Noon,20%,40,Single,30,210,4.3,166,4.1,48,12,126,34,2025-03-28 14:44:06
225,Umraniye,Noon,20%,40,Single,30,212,5.2,164,4.7,48,12,126,35,2025-03-28 14:44:11
226,Umraniye,Noon,20%,40,Single,30,212,5.0,162,4.1,48,12,126,34,2025-03-28 14:44:16
227,Umraniye,Noon,20%,40,Single,30,210,4.9,160,4.2,48,12,126,36,2025-03-28 14:44:21
228,Umraniye,Noon,20%,40,Single,30,212,4.8,164,4.4,48,12,126,36,2025-03-28 14:44:26
229,Umraniye,Noon,20%,40,Single,30,212,4.6,162,4.1,48,12,126,36,2025-03-28 14:44:31
230,Umraniye,Noon,20%,40,Single,30,212,4.3,162,4.0,48,12,126,40,2025-03-28 14:44:36
231,Umraniye,Noon,20%,40,Single,30,210,4.8,164,4.5,48,12,126,34,2025-03-28 14:44:41
232,Umraniye,Noon,20%,40,Single,30,212,4.7,162,4.1,48,12,126,33,2025-03-28 14:44:46
233,Umraniye,Noon,20%,40,Single,30,214,4.6,164,4.1,48,12,126,39,2025-03-28 14:44:51
234,Umraniye,Noon,20%,40,Single,30,214,4.7,164,4.6,48,12,126,34,2025-03-28 14:44:56
235,Umraniye,Noon,20%,40,Single,30,210,5.0,164,4.2,48,12,126,40,2025-03-28 14:45:01
236,Umraniye,Noon,20%,40,Single,30,210,4.7,162,4.1,48,12,126,37,2025-03-28 14:45:06
237,Umraniye,Noon,20%,40,Single,30,210,5.1,164,4.0,48,12,126,34,2025-03-28 14:45:11
238,Umraniye,Noon,20%,40,Single,30,210,4.9,162,4.1,48,12,126,34,2025-03-28 14:45:16
239,Umraniye,Noon,20%,40,Single,30,210,5.0,166,4.6,48,12,126,40,2025-03-28 14:45:21
240,Umraniye,Noon,20%,40,Single,30,216,4.5,162,4.1,48,12,126,35,2025-03-28 14:45:26
241,Umraniye,Noon,20%,40,Single,30,210,4.7,164,4.6,48,12,126,39,2025-03-28 14:45:31
242,Umraniye,Noon,20%,40,Single,30,208,5.1,166,4.2,48,12,126,39,2025-03-28 14:45:36
243,Umraniye,Noon,20%,40,Single,30,216,5.0,164,4.4,48,12,126,39,2025-03-28 14:45:41
244,Umraniye,Noon,20%,40,Single,30,212,5.2,164,4.2,48,12,126,34,2025-03-28 14:45:46
245,Umraniye,Noon,20%,40,Single,30,210,4.6,166,4.1,48,12,126,39,2025-03-28 14:45:51
246,Umraniye,Noon,20%,40,Single,30,214,5.4,166,4.5,48,12,126,36,2025-03-28 14:45:56
247,Umraniye,Noon,20%,40,Single,30,210,4.7,162,4.1,48,12,126,35,2025-03-28 14:46:01
248,Umraniye,Noon,20%,40,Single,30,212,5.2,166,4.0,48,12,126,40,2025-03-28 14:46:06
249,Umraniye,Noon,20%,40,Single,30,212,4.3,164,4.1,48,12,126,40,2025-03-28 14:46:11
250,Umraniye,Noon,20%,40,Single,30,210,4.7,160,4.1,48,12,126,36,2025-03-28 14:46:16
251,Umraniye,Noon,20%,40,Single,30,212,5.0,166,4.7,48,12,126,35,2025-03-28 14:46:21
252,Umraniye,Noon,20%,40,Single,30,212,4.9,166,4.4,48,12,126,41,2025-03-28 14:46:26
253,Umraniye,Noon,20%,40,Single,30,212,4.8,168,4.2,48,12,126,35,2025-03-28 14:46:31
254,Umraniye,Noon,20%,40,Single,30,212,4.7,162,4.1,48,12,126,37,2025-03-28 14:46:36
255,Umraniye,Noon,20%,40,Single,30,212,4.7,162,4.3,48,12,126,37,2025-03-28 14:46:41
256,Umraniye,Noon,20%,40,Single,30,214,4.8,158,4.3,48,12,126,35,2025-03-28 14:46:46
257,Umraniye,Noon,20%,40,Single,30,212,5.3,168,4.3,48,12,126,39,2025-03-28 14:46:51
258,Umraniye,Noon,20%,40,Single,30,210,4.8,164,4.0,48,12,126,38,2025-03-28 14:46:56
259,Umraniye,Noon,20%,40,Single,30,212,4.7,162,4.1,48,12,126,35,2025-03-28 14:47:01
260,Umraniye,Noon,20%,40,Single,30,212,5.3,162,4.0,48,12,126,36,2025-03-28 14:47:06
261,Umraniye,Noon,20%,40,Single,30,210,4.7,166,4.5,48,12,126,39,2025-03-28 14:47:11
262,Umraniye,Noon,20%,40,Single,30,210,4.5,164,4.3,48,12,126,36,2025-03-28 14:47:16
263,Umraniye,Noon,20%,40,Single,30,210,4.9,162,4.2,48,12,126,39,2025-03-28 14:47:21
264,Umraniye,Noon,20%,40,Single,30,210,5.6,164,4.5,48,12,126,37,2025-03-28 14:47:26
265,Umraniye,Noon,20%,40,Single,30,210,4.8,162,4.0,48,12,126,37,2025-03-28 14:47:31
266,Umraniye,Noon,20%,40,Single,30,216,4.9,162,4.2,48,12,126,40,2025-03-28 14:47:36
267,Umraniye,Noon,20%,40,Single,30,210,5.0,166,4.6,48,12,126,35,2025-03-28 14:47:41
268,Umraniye,Noon,20%,40,Single,30,210,5.5,162,4.0,48,12,126,38,2025-03-28 14:47:46
269,Umraniye,Noon,20%,40,Single,30,214,5.3,164,4.6,48,12,126,37,2025-03-28 14:47:51
270,Umraniye,Noon,20%,40,Single,30,212,5.1,164,4.0,48,12,126,37,2025-03-28 14:47:56
271,Umraniye,Noon,20%,40,Single,30,214,4.9,162,4.2,48,12,126,40,2025-03-28 14:48:01
272,Umraniye,Noon,20%,40,Single,30,212,4.5,164,4.0,48,12,126,38,2025-03-28 14:48:06
273,Umraniye,Noon,20%,40,Single,30,210,4.7,164,4.2,48,12,126,40,2025-03-28 14:48:11
274,Umraniye,Noon,20%,40,Single,30,214,5.0,160,4.1,48,12,126,37,2025-03-28 14:48:16
275,Umraniye,Noon,20%,40,Single,30,212,4.7,164,4.3,48,12,126,38,2025-03-28 14:48:21
276,Umraniye,Noon,20%,40,Single,30,212,4.7,164,4.5,48,12,126,35,2025-03-28 14:48:26
277,Umraniye,Noon,20%,40,Single,30,208,4.8,164,4.8,48,12,126,40,2025-03-28 14:48:31
278,Umraniye,Noon,20%,40,Single,30,208,5.5,160,4.1,48,12,126,40,2025-03-28 14:48:36
279,Umraniye,Noon,20%,40,Single,30,212,4.8,162,4.4,48,12,126,37,2025-03-28 14:48:41
280,Umraniye,Noon,20%,40,Single,30,210,5.5,166,4.5,48,12,126,34,2025-03-28 14:48:46
281,Umraniye,Noon,20%,40,Single,30,210,4.7,172,4.3,48,12,126,38,2025-03-28 14:48:51
282,Umraniye,Noon,20%,40,Single,30,212,4.6,162,4.1,48,12,126,35,2025-03-28 14:48:56
283,Umraniye,Noon,20%,40,Single,30,212,4.3,160,4.2,48,12,126,34,2025-03-28 14:49:01
284,Umraniye,Noon,20%,40,Single,30,210,4.9,162,4.3,48,12,126,38,2025-03-28 14:49:06
285,Umraniye,Noon,20%,40,Single,30,210,4.9,162,4.0,48,12,126,38,2025-03-28 14:49:11
286,Umraniye,Noon,20%,40,Single,30,214,4.8,164,4.0,48,12,126,38,2025-03-28 14:49:16
287,Umraniye,Noon,20%,40,Single,30,210,4.2,162,4.1,48,12,126,40,2025-03-28 14:49:21
288,Umraniye,Noon,20%,40,Single,30,208,5.0,162,4.4,48,12,126,35,2025-03-28 14:49:26
289,Umraniye,Noon,20%,40,Single,30,214,4.7,164,4.4,48,12,126,41,2025-03-28 14:49:31
290,Umraniye,Noon,20%,40,Single,30,214,5.6,164,4.4,48,12,126,39,2025-03-28 14:49:36
291,Umraniye,Noon,20%,40,Single,30,210,4.8,164,4.1,48,12,126,37,2025-03-28 14:49:41
292,Umraniye,Noon,20%,40,Single,30,214,5.2,162,3.9,48,12,126,41,2025-03-28 14:49:46
293,Umraniye,Noon,20%,40,Single,30,212,5.2,160,4.5,48,12,126,34,2025-03-28 14:49:51
294,Umraniye,Noon,20%,40,Single,30,208,4.7,166,4.6,48,12,126,41,2025-03-28 14:49:56
295,Umraniye,Noon,20%,40,Single,30,216,4.7,168,4.6,48,12,126,36,2025-03-28 14:50:01
296,Umraniye,Noon,20%,40,Single,30,208,4.8,166,4.6,48,12,126,37,2025-03-28 14:50:06
297,Umraniye,Noon,20%,40,Single,30,214,4.5,162,4.3,48,12,126,38,2025-03-28 14:50:11
298,Umraniye,Noon,20%,40,Single,30,212,4.9,162,4.4,48,12,126,35,2025-03-28 14:50:16
299,Umraniye,Noon,20%,40,Single,30,212,4.7,164,4.4,48,12,126,35,2025-03-28 14:50:21
300,Umraniye,Noon,20%,40,Single,30,214,4.7,162,4.1,48,12,126,35,2025-03-28 14:50:26
301,Umraniye,Noon,20%,40,Single,30,210,5.3,166,4.3,48,12,126,37,2025-03-28 14:50:31
302,Umraniye,Noon,20%,40,Single,30,214,4.6,162,4.1,48,12,126,40,2025-03-28 14:50:36
303,Umraniye,Noon,20%,40,Single,30,216,4.7,162,4.1,48,12,126,35,2025-03-28 14:50:41
304,Umraniye,Noon,20%,40,Single,30,212,5.5,162,4.0,48,12,126,35,2025-03-28 14:50:46
305,Umraniye,Noon,20%,40,Single,30,212,5.2,168,4.4,48,12,126,40,2025-03-28 14:50:51
306,Umraniye,Noon,20%,40,Single,30,216,4.6,162,4.0,48,12,126,40,2025-03-28 14:50:56
307,Umraniye,Noon,20%,40,Single,30,210,4.8,164,4.5,48,12,126,42,2025-03-28 14:51:01
308,Umraniye,Noon,20%,40,Single,30,212,4.7,162,4.0,48,12,126,37,2025-03-28 14:51:06
309,Umraniye,Noon,20%,40,Single,30,214,4.8,164,4.1,48,12,126,33,2025-03-28 14:51:11
310,Umraniye,Noon,20%,40,Single,30,210,4.7,162,4.0,48,12,126,37,2025-03-28 14:51:16
311,Umraniye,Noon,20%,40,Single,30,210,4.6,162,4.1,48,12,126,39,2025-03-28 14:51:21
312,Umraniye,Noon,20%,40,Single,30,214,5.3,162,4.0,48,12,126,36,2025-03-28 14:51:26
313,Umraniye,Noon,20%,40,Single,30,212,5.4,164,4.6,48,12,126,37,2025-03-28 14:51:31
314,Umraniye,Noon,20%,40,Single,30,210,4.7,162,4.1,48,12,126,36,2025-03-28 14:51:36
315,Umraniye,Noon,20%,40,Single,30,214,4.9,162,4.2,48,12,126,40,2025-03-28 14:51:41
316,Umraniye,Noon,20%,40,Single,30,212,4.7,158,4.1,48,12,126,40,2025-03-28 14:51:46
317,Umraniye,Noon,20%,40,Single,30,210,5.4,164,4.0,48,12,126,37,2025-03-28 14:51:51
318,Umraniye,Noon,20%,40,Single,30,214,5.2,166,4.4,48,12,126,40,2025-03-28 14:51:56
319,Umraniye,Noon,20%,40,Single,30,212,4.7,164,4.1,48,12,126,36,2025-03-28 14:52:01
320,Umraniye,Noon,20%,40,Single,30,216,4.9,162,4.0,48,12,126,35,2025-03-28 14:52:06
321,Umraniye,Noon,20%,40,Single,30,212,5.7,160,4.0,48,12,126,37,2025-03-28 14:52:11
322,Umraniye,Noon,20%,40,Single,30,212,5.0,162,4.1,48,12,126,40,2025-03-28 14:52:16
323,Umraniye,Noon,20%,40,Single,30,214,4.9,160,4.2,48,12,126,40,2025-03-28 14:52:21
324,Umraniye,Noon,20%,40,Single,30,210,4.8,166,4.4,48,12,126,37,2025-03-28 14:52:26
325,Umraniye,Noon,20%,40,Single,30,212,4.7,160,4.1,48,12,126,36,2025-03-28 14:52:31
326,Umraniye,Noon,20%,40,Single,30,210,4.7,162,4.0,48,12,126,40,2025-03-28 14:52:36
327,Umraniye,Noon,20%,40,Single,30,212,4.7,162,4.1,48,12,126,38,2025-03-28 14:52:41
328,Umraniye,Noon,20%,40,Single,30,216,4.6,162,4.1,48,12,126,35,2025-03-28 14:52:46
329,Umraniye,Noon,20%,40,Single,30,216,4.6,162,4.1,48,12,126,40,2025-03-28 14:52:51
330,Umraniye,Noon,20%,40,Single,30,210,5.0,162,4.1,48,12,126,40,2025-03-28 14:52:56
331,Umraniye,Noon,20%,40,Single,30,212,4.7,164,4.0,48,12,126,37,2025-03-28 14:53:01
332,Umraniye,Noon,20%,40,Single,30,216,4.9,162,4.1,48,12,126,39,2025-03-28 14:53:06
333,Umraniye,Noon,20%,40,Single,30,210,5.3,162,4.0,48,12,126,37,2025-03-28 14:53:11
334,Umraniye,Noon,20%,40,Single,30,212,4.7,166,4.8,48,12,126,39,2025-03-28 14:53:16
335,Umraniye,Noon,20%,40,Single,30,216,4.6,162,4.1,48,12,126,39,2025-03-28 14:53:21
336,Umraniye,Noon,20%,40,Single,30,214,4.7,162,4.3,48,12,126,35,2025-03-28 14:53:26
337,Umraniye,Noon,20%,40,Single,30,212,4.7,162,4.1,48,12,126,35,2025-03-28 14:53:31
338,Umraniye,Noon,20%,40,Single,30,218,4.3,162,4.2,48,12,126,39,2025-03-28 14:53:36
339,Umraniye,Noon,20%,40,Single,30,214,5.0,172,4.4,48,12,126,35,2025-03-28 14:53:41
340,Umraniye,Noon,20%,40,Single,30,212,4.3,162,4.0,48,12,126,37,2025-03-28 14:53:46
341,Umraniye,Noon,20%,40,Single,30,212,4.5,162,4.1,48,12,126,39,2025-03-28 14:53:51
342,Umraniye,Noon,20%,40,Single,30,210,4.9,162,4.3,48,12,126,37,2025-03-28 14:53:56
343,Umraniye,Noon,20%,40,Single,30,212,4.5,162,4.2,48,12,126,36,2025-03-28 14:54:01
344,Umraniye,Noon,20%,40,Single,30,214,4.9,162,4.0,48,12,126,36,2025-03-28 14:54:06
345,Umraniye,Noon,20%,40,Single,30,210,4.6,164,4.1,48,12,126,40,2025-03-28 14:54:11
346,Umraniye,Noon,20%,40,Single,30,216,4.7,164,4.1,48,12,126,40,2025-03-28 14:54:16
347,Umraniye,Noon,20%,40,Single,30,210,4.6,162,4.1,48,12,126,40,2025-03-28 14:54:21
348,Umraniye,Noon,20%,40,Single,30,212,5.0,162,4.2,48,12,126,41,2025-03-28 14:54:26
349,Umraniye,Noon,20%,40,Single,30,212,4.6,164,4.1,48,12,126,37,2025-03-28 14:54:31
350,Umraniye,Noon,20%,40,Single,30,210,5.0,148,5.0,48,12,126,39,2025-03-28 14:54:36
351,Umraniye,Noon,20%,40,Single,30,216,4.9,164,4.2,48,12,126,38,2025-03-28 14:54:41
352,Umraniye,Noon,20%,40,Single,30,216,5.3,164,4.7,48,12,126,40,2025-03-28 14:54:46
353,Umraniye,Noon,20%,40,Single,30,212,4.3,162,4.1,48,12,126,40,2025-03-28 14:54:51
354,Umraniye,Noon,20%,40,Single,30,214,5.0,164,4.5,48,12,126,34,2025-03-28 14:54:56
355,Umraniye,Noon,20%,40,Single,30,214,4.5,164,4.0,48,12,126,37,2025-03-28 14:55:01
356,Umraniye,Noon,20%,40,Single,30,210,5.4,164,4.6,48,12,126,41,2025-03-28 14:55:06
357,Umraniye,Noon,20%,40,Single,30,212,4.7,162,4.1,48,12,126,35,2025-03-28 14:55:11
358,Umraniye,Noon,20%,40,Single,30,216,4.6,162,4.1,48,12,126,40,2025-03-28 14:55:16
359,Umraniye,Noon,20%,40,Single,30,210,4.3,160,4.9,48,12,126,36,2025-03-28 14:55:21
360,Umraniye,Noon,20%,40,Single,30,210,5.0,168,4.4,48,12,126,35,2025-03-28 14:55:26
361,Umraniye,Noon,20%,40,Single,30,214,4.9,158,4.0,48,12,126,35,2025-03-28 14:55:31
362,Umraniye,Noon,20%,40,Single,30,212,4.7,164,4.1,48,12,126,36,2025-03-28 14:55:36
363,Umraniye,Noon,20%,40,Single,30,210,4.8,164,4.3,48,12,126,40,2025-03-28 14:55:41
364,Umraniye,Noon,20%,40,Single,30,216,4.5,162,4.2,48,12,126,40,2025-03-28 14:55:46
365,Umraniye,Noon,20%,40,Single,30,212,5.4,164,3.9,48,12,126,39,2025-03-28 14:55:51
366,Umraniye,Noon,20%,40,Single,30,212,4.7,164,4.1,48,12,126,40,2025-03-28 14:55:56
367,Umraniye,Noon,20%,40,Single,30,212,4.7,162,4.1,48,12,126,39,2025-03-28 14:56:01
368,Umraniye,Noon,20%,40,Single,30,214,4.4,164,4.2,48,12,126,36,2025-03-28 14:56:06
369,Umraniye,Noon,20%,40,Single,30,218,4.8,162,4.2,48,12,126,40,2025-03-28 14:56:11
370,Umraniye,Noon,20%,40,Single,30,212,4.3,162,4.2,48,12,126,40,2025-03-28 14:56:16
371,Umraniye,Noon,20%,40,Single,30,212,4.7,162,4.1,48,12,126,40,2025-03-28 14:56:21
372,Umraniye,Noon,20%,40,Single,30,212,4.7,162,4.2,48,12,126,40,2025-03-28 14:56:26
373,Umraniye,Noon,20%,40,Single,30,212,5.4,162,4.1,48,12,126,40,2025-03-28 14:56:31
374,Umraniye,Noon,20%,40,Single,30,214,5.1,166,4.5,48,12,126,35,2025-03-28 14:56:36
375,Umraniye,Noon,20%,40,Single,30,212,4.6,162,4.2,48,12,126,39,2025-03-28 14:56:41
376,Umraniye,Noon,20%,40,Single,30,212,4.8,162,4.0,48,12,126,40,2025-03-28 14:56:46
377,Umraniye,Noon,20%,40,Single,30,216,4.4,164,4.0,48,12,126,39,2025-03-28 14:56:51
378,Umraniye,Noon,20%,40,Single,30,214,4.7,162,4.1,48,12,126,41,2025-03-28 14:56:56
379,Umraniye,Noon,20%,40,Single,30,210,4.9,160,4.0,48,12,126,35,2025-03-28 14:57:01
380,Umraniye,Noon,20%,40,Single,30,212,4.6,162,4.0,48,12,126,39,2025-03-28 14:57:06
381,Umraniye,Noon,20%,40,Single,30,214,5.6,164,4.1,48,12,126,38,2025-03-28 14:57:11
382,Umraniye,Noon,20%,40,Single,30,210,4.8,164,4.4,48,12,126,35,2025-03-28 14:57:16
383,Umraniye,Noon,20%,40,Single,30,210,4.7,162,4.2,48,12,126,40,2025-03-28 14:57:21
384,Umraniye,Noon,20%,40,Single,30,212,5.3,164,4.1,48,12,126,39,2025-03-28 14:57:26
385,Umraniye,Noon,20%,40,Single,30,208,4.9,164,4.2,48,12,126,35,2025-03-28 14:57:31
386,Umraniye,Noon,20%,40,Single,30,210,4.8,162,4.2,48,12,126,41,2025-03-28 14:57:36
387,Umraniye,Noon,20%,40,Single,30,214,4.7,162,4.1,48,12,126,41,2025-03-28 14:57:41
388,Umraniye,Noon,20%,40,Single,30,208,5.5,162,4.4,48,12,126,40,2025-03-28 14:57:46
389,Umraniye,Noon,20%,40,Single,30,212,4.8,162,4.1,48,12,126,38,2025-03-28 14:57:51
390,Umraniye,Noon,20%,40,Single,30,214,4.4,160,4.1,48,12,126,35,2025-03-28 14:57:56
391,Umraniye,Noon,20%,40,Single,30,208,5.5,164,4.1,48,12,126,35,2025-03-28 14:58:01
392,Umraniye,Noon,20%,40,Single,30,212,4.7,162,4.1,48,12,126,35,2025-03-28 14:58:06
393,Umraniye,Noon,20%,40,Single,30,212,5.1,162,4.0,48,12,126,41,2025-03-28 14:58:11
394,Umraniye,Noon,20%,40,Single,30,210,4.7,162,4.1,48,12,126,38,2025-03-28 14:58:16
395,Umraniye,Noon,20%,40,Single,30,210,5.4,164,4.2,48,12,126,36,2025-03-28 14:58:21
396,Umraniye,Noon,20%,40,Single,30,212,4.8,160,4.1,48,12,126,41,2025-03-28 14:58:26
397,Umraniye,Noon,20%,40,Single,30,214,4.8,162,4.1,48,12,126,39,2025-03-28 14:58:31
398,Umraniye,Noon,20%,40,Single,30,212,4.7,162,4.0,48,12,126,39,2025-03-28 14:58:36
399,Umraniye,Noon,20%,40,Single,30,210,4.7,164,4.1,48,12,126,41,2025-03-28 14:58:41
400,Umraniye,Noon,20%,40,Single,30,214,4.9,164,4.3,48,12,126,40,2025-03-28 14:58:46
401,Umraniye,Noon,20%,40,Single,30,214,5.5,164,4.0,48,12,126,37,2025-03-28 14:58:51
402,Umraniye,Noon,20%,40,Single,30,212,4.7,160,4.1,48,12,126,40,2025-03-28 14:58:56
403,Umraniye,Noon,20%,40,Single,30,212,5.0,162,4.2,48,12,126,39,2025-03-28 14:59:01
404,Umraniye,Noon,20%,40,Single,30,216,4.9,160,4.1,48,12,126,41,2025-03-28 14:59:06
405,Umraniye,Noon,20%,40,Single,30,210,4.7,160,4.1,48,12,126,40,2025-03-28 14:59:11
406,Umraniye,Noon,20%,40,Single,30,212,4.6,164,4.2,48,12,126,36,2025-03-28 14:59:16
407,Umraniye,Noon,20%,40,Single,30,214,4.7,160,4.2,48,12,126,39,2025-03-28 14:59:21
408,Umraniye,Noon,20%,40,Single,30,212,4.8,164,4.1,48,12,126,40,2025-03-28 14:59:26
409,Umraniye,Noon,20%,40,Single,30,210,4.5,160,4.1,48,12,126,41,2025-03-28 14:59:31
410,Umraniye,Noon,20%,40,Single,30,214,5.2,164,4.4,48,12,126,35,2025-03-28 14:59:36
411,Umraniye,Noon,20%,40,Single,30,210,4.7,162,4.1,48,12,126,35,2025-03-28 14:59:41
412,Umraniye,Noon,20%,40,Single,30,214,5.0,160,4.1,48,12,126,35,2025-03-28 14:59:46
413,Umraniye,Noon,20%,40,Single,30,214,4.9,162,4.5,48,12,126,38,2025-03-28 14:59:51
414,Umraniye,Noon,20%,40,Single,30,210,4.6,164,4.4,48,12,126,37,2025-03-28 14:59:56
415,Umraniye,Noon,20%,40,Single,30,214,4.9,166,4.4,48,12,126,36,2025-03-28 15:00:01
416,Umraniye,Noon,20%,40,Single,30,212,4.5,162,4.1,48,12,126,41,2025-03-28 15:00:06
417,Umraniye,Noon,20%,40,Single,30,212,4.6,162,4.1,48,12,126,35,2025-03-28 15:00:11
418,Umraniye,Noon,20%,40,Single,30,214,4.7,162,4.0,48,12,126,40,2025-03-28 15:00:16
419,Umraniye,Noon,20%,40,Single,30,212,4.7,164,4.2,48,12,126,40,2025-03-28 15:00:21
420,Umraniye,Noon,20%,40,Single,30,212,4.7,164,4.7,48,12,126,41,2025-03-28 15:00:26
421,Umraniye,Noon,20%,40,Single,30,212,4.7,160,4.1,48,12,126,41,2025-03-28 15:00:31
422,Umraniye,Noon,20%,40,Single,30,212,4.8,164,4.1,48,12,126,37,2025-03-28 15:00:36
423,Umraniye,Noon,20%,40,Single,30,214,4.6,162,4.0,48,12,126,41,2025-03-28 15:00:41
424,Umraniye,Noon,20%,40,Single,30,212,4.9,162,4.6,48,12,126,35,2025-03-28 15:00:46
425,Umraniye,Noon,20%,40,Single,30,210,4.7,162,4.1,48,12,126,40,2025-03-28 15:00:51
426,Umraniye,Noon,20%,40,Single,30,210,5.5,162,4.2,48,12,126,40,2025-03-28 15:00:56
427,Umraniye,Noon,20%,40,Single,30,214,4.6,162,4.1,48,12,126,41,2025-03-28 15:01:01
428,Umraniye,Noon,20%,40,Single,30,212,4.8,164,4.4,48,12,126,35,2025-03-28 15:01:06
429,Umraniye,Noon,20%,40,Single,30,212,4.8,162,4.0,48,12,126,37,2025-03-28 15:01:11
430,Umraniye,Noon,20%,40,Single,30,212,4.6,166,4.2,48,12,126,40,2025-03-28 15:01:16
431,Umraniye,Noon,20%,40,Single,30,210,5.5,166,4.0,48,12,126,35,2025-03-28 15:01:21
432,Umraniye,Noon,20%,40,Single,30,210,5.3,164,4.0,48,12,126,41,2025-03-28 15:01:26
433,Umraniye,Noon,20%,40,Single,30,216,4.5,160,4.1,48,12,126,38,2025-03-28 15:01:31
434,Umraniye,Noon,20%,40,Single,30,212,4.7,162,4.2,48,12,126,38,2025-03-28 15:01:36
435,Umraniye,Noon,20%,40,Single,30,210,5.1,162,4.2,48,12,126,41,2025-03-28 15:01:41
436,Umraniye,Noon,20%,40,Single,30,214,4.6,162,4.6,48,12,126,39,2025-03-28 15:01:46
437,Umraniye,Noon,20%,40,Single,30,212,4.7,162,4.2,48,12,126,40,2025-03-28 15:01:51
438,Umraniye,Noon,20%,40,Single,30,212,5.5,162,4.3,48,12,126,37,2025-03-28 15:01:56
439,Umraniye,Noon,20%,40,Single,30,216,4.5,162,4.2,48,12,126,37,2025-03-28 15:02:01
440,Umraniye,Noon,20%,40,Single,30,212,4.9,162,4.1,48,12,126,35,2025-03-28 15:02:06
441,Umraniye,Noon,20%,40,Single,30,216,4.1,162,4.1,48,12,126,35,2025-03-28 15:02:11
442,Umraniye,Noon,20%,40,Single,30,212,4.7,166,4.5,48,12,126,40,2025-03-28 15:02:16
443,Umraniye,Noon,20%,40,Single,30,214,4.9,162,4.0,48,12,126,37,2025-03-28 15:02:21
444,Umraniye,Noon,20%,40,Single,30,214,4.9,164,4.1,48,12,126,38,2025-03-28 15:02:26
445,Umraniye,Noon,20%,40,Single,30,212,4.7,162,4.1,48,12,126,37,2025-03-28 15:02:31
446,Umraniye,Noon,20%,40,Single,30,214,4.5,162,4.1,48,12,126,41,2025-03-28 15:02:36
447,Umraniye,Noon,20%,40,Single,30,216,4.6,162,4.1,48,12,126,37,2025-03-28 15:02:41
448,Umraniye,Noon,20%,40,Single,30,210,4.7,164,4.1,48,12,126,38,2025-03-28 15:02:46
449,Umraniye,Noon,20%,40,Single,30,214,4.6,162,4.1,48,12,126,41,2025-03-28 15:02:51
450,Umraniye,Noon,20%,40,Single,30,218,4.6,162,4.0,48,12,126,36,2025-03-28 15:02:56
451,Umraniye,Noon,20%,40,Single,30,210,4.9,164,4.4,48,12,126,37,2025-03-28 15:03:01
452,Umraniye,Noon,20%,40,Single,30,212,4.7,164,4.1,48,12,126,37,2025-03-28 15:03:06
453,Umraniye,Noon,20%,40,Single,30,206,4.8,162,4.1,48,12,126,37,2025-03-28 15:03:11
454,Umraniye,Noon,20%,40,Single,30,210,5.0,164,4.2,48,12,126,38,2025-03-28 15:03:16
455,Umraniye,Noon,20%,40,Single,30,210,5.1,162,4.5,48,12,126,40,2025-03-28 15:03:21
456,Umraniye,Noon,20%,40,Single,30,214,4.9,164,4.1,48,12,126,37,2025-03-28 15:03:26
457,Umraniye,Noon,20%,40,Single,30,212,5.5,166,4.3,48,12,126,38,2025-03-28 15:03:31
458,Umraniye,Noon,20%,40,Single,30,212,4.6,162,4.4,48,12,126,41,2025-03-28 15:03:36
459,Umraniye,Noon,20%,40,Single,30,214,4.8,162,4.0,48,12,126,36,2025-03-28 15:03:41
460,Umraniye,Noon,20%,40,Single,30,214,4.6,162,4.1,48,12,126,37,2025-03-28 15:03:46
461,Umraniye,Noon,20%,40,Single,30,212,4.8,162,4.1,48,12,126,41,2025-03-28 15:03:51
462,Umraniye,Noon,20%,40,Single,30,214,4.7,164,4.0,48,12,126,37,2025-03-28 15:03:56
463,Umraniye,Noon,20%,40,Single,30,210,4.9,166,4.5,48,12,126,36,2025-03-28 15:04:01
464,Umraniye,Noon,20%,40,Single,30,216,4.7,166,4.1,48,12,126,35,2025-03-28 15:04:06
465,Umraniye,Noon,20%,40,Single,30,212,4.7,160,4.2,48,12,126,42,2025-03-28 15:04:11
466,Umraniye,Noon,20%,40,Single,30,214,5.1,162,4.2,48,12,126,37,2025-03-28 15:04:16
467,Umraniye,Noon,20%,40,Single,30,216,4.7,160,4.4,48,12,126,41,2025-03-28 15:04:21
468,Umraniye,Noon,20%,40,Single,30,214,4.7,164,4.0,48,12,126,39,2025-03-28 15:04:26
469,Umraniye,Noon,20%,40,Single,30,216,4.7,164,4.1,48,12,126,37,2025-03-28 15:04:31
470,Umraniye,Noon,20%,40,Single,30,212,5.0,164,4.4,48,12,126,40,2025-03-28 15:04:36
471,Umraniye,Noon,20%,40,Single,30,212,5.0,164,4.7,48,12,126,41,2025-03-28 15:04:41
472,Umraniye,Noon,20%,40,Single,30,216,4.5,162,4.7,48,12,126,41,2025-03-28 15:04:46
473,Umraniye,Noon,20%,40,Single,30,218,4.7,162,4.6,48,12,126,36,2025-03-28 15:04:51
474,Umraniye,Noon,20%,40,Single,30,212,5.3,164,4.5,48,12,126,41,2025-03-28 15:04:56
475,Umraniye,Noon,20%,40,Single,30,212,5.3,162,4.2,48,12,126,38,2025-03-28 15:05:01
476,Umraniye,Noon,20%,40,Single,30,216,4.7,164,4.6,48,12,126,41,2025-03-28 15:05:06
477,Umraniye,Noon,20%,40,Single,30,210,4.9,164,4.1,48,12,126,38,2025-03-28 15:05:11
478,Umraniye,Noon,20%,40,Single,30,212,5.2,162,4.1,48,12,126,35,2025-03-28 15:05:16
479,Umraniye,Noon,20%,40,Single,30,212,4.8,162,4.5,48,12,126,37,2025-03-28 15:05:21
480,Umraniye,Noon,20%,40,Single,30,210,4.6,162,4.5,48,12,126,40,2025-03-28 15:05:26
481,Umraniye,Noon,20%,40,Single,30,210,4.8,162,4.1,48,12,126,35,2025-03-28 15:05:31
482,Umraniye,Noon,20%,40,Single,30,218,4.6,164,4.1,48,12,126,41,2025-03-28 15:05:36
483,Umraniye,Noon,20%,40,Single,30,212,4.8,162,4.1,48,12,126,39,2025-03-28 15:05:41
484,Umraniye,Noon,20%,40,Single,30,208,5.0,168,4.5,48,12,126,37,2025-03-28 15:05:46
485,Umraniye,Noon,20%,40,Single,30,216,4.5,162,4.1,48,12,126,35,2025-03-28 15:05:51
486,Umraniye,Noon,20%,40,Single,30,208,4.8,164,4.1,48,12,126,36,2025-03-28 15:05:56
487,Umraniye,Noon,20%,40,Single,30,212,5.2,164,4.3,48,12,126,41,2025-03-28 15:06:01
488,Umraniye,Noon,20%,40,Single,30,214,4.8,162,4.1,48,12,126,39,2025-03-28 15:06:06
489,Umraniye,Noon,20%,40,Single,30,210,4.6,164,4.2,48,12,126,37,2025-03-28 15:06:11
490,Umraniye,Noon,20%,40,Single,30,214,5.1,166,4.3,48,12,126,36,2025-03-28 15:06:16
491,Umraniye,Noon,20%,40,Single,30,210,5.1,164,4.1,48,12,126,36,2025-03-28 15:06:21
492,Umraniye,Noon,20%,40,Single,30,210,4.6,164,4.2,48,12,126,35,2025-03-28 15:06:26
493,Umraniye,Noon,20%,40,Single,30,212,4.8,162,4.1,48,12,126,39,2025-03-28 15:06:31
494,Umraniye,Noon,20%,40,Single,30,210,4.8,160,4.8,48,12,126,35,2025-03-28 15:06:36
495,Umraniye,Noon,20%,40,Single,30,214,4.7,162,4.1,48,12,126,37,2025-03-28 15:06:41
496,Umraniye,Noon,20%,40,Single,30,216,4.8,166,4.6,48,12,126,36,2025-03-28 15:06:46
497,Umraniye,Noon,20%,40,Single,30,210,4.9,162,4.1,48,12,126,37,2025-03-28 15:06:51
498,Umraniye,Noon,20%,40,Single,30,212,5.0,166,4.6,48,12,126,41,2025-03-28 15:06:56
499,Umraniye,Noon,20%,40,Single,30,212,4.7,162,4.1,48,12,126,38,2025-03-28 15:07:01
500,Umraniye,Noon,20%,40,Single,30,210,4.5,162,4.2,48,12,126,39,2025-03-28 15:07:06
501,Umraniye,Noon,20%,40,Single,30,210,4.8,166,4.5,48,12,126,38,2025-03-28 15:07:11
502,Umraniye,Noon,20%,40,Single,30,212,4.7,160,4.1,48,12,126,38,2025-03-28 15:07:16
503,Umraniye,Noon,20%,40,Single,30,210,4.7,162,4.1,48,12,126,38,2025-03-28 15:07:21
504,Umraniye,Noon,20%,40,Single,30,210,4.9,162,4.1,48,12,126,42,2025-03-28 15:07:26
505,Umraniye,Noon,20%,40,Single,30,214,4.9,164,4.0,48,12,126,40,2025-03-28 15:07:31
506,Umraniye,Noon,20%,40,Single,30,210,4.9,160,4.1,48,12,126,38,2025-03-28 15:07:36
507,Umraniye,Noon,20%,40,Single,30,210,4.7,162,4.1,48,12,126,41,2025-03-28 15:07:41
508,Umraniye,Noon,20%,40,Single,30,216,4.6,162,4.1,48,12,126,41,2025-03-28 15:07:46
509,Umraniye,Noon,20%,40,Single,30,210,5.3,164,4.5,48,12,126,37,2025-03-28 15:07:51
510,Umraniye,Noon,20%,40,Single,30,210,4.9,162,4.2,48,12,126,37,2025-03-28 15:07:56
511,Umraniye,Noon,20%,40,Single,30,210,5.2,168,4.1,48,12,126,39,2025-03-28 15:08:01
512,Umraniye,Noon,20%,40,Single,30,208,4.7,164,4.2,48,12,126,42,2025-03-28 15:08:06
513,Umraniye,Noon,20%,40,Single,30,210,4.4,162,4.2,48,12,126,41,2025-03-28 15:08:11
514,Umraniye,Noon,20%,40,Single,30,212,4.4,160,4.2,48,12,126,40,2025-03-28 15:08:16
515,Umraniye,Noon,20%,40,Single,30,210,4.5,162,4.0,48,12,126,39,2025-03-28 15:08:21
516,Umraniye,Noon,20%,40,Single,30,210,5.2,164,4.4,48,12,126,36,2025-03-28 15:08:26
517,Umraniye,Noon,20%,40,Single,30,210,5.5,164,4.2,48,12,126,41,2025-03-28 15:08:31
518,Umraniye,Noon,20%,40,Single,30,212,5.2,164,4.5,48,12,126,43,2025-03-28 15:08:36
519,Umraniye,Noon,20%,40,Single,30,210,4.7,172,4.4,48,12,126,38,2025-03-28 15:08:41
520,Umraniye,Noon,20%,40,Single,30,210,4.8,164,4.3,48,12,126,37,2025-03-28 15:08:46
521,Umraniye,Noon,20%,40,Single,30,210,4.6,164,4.0,48,12,126,37,2025-03-28 15:08:51
522,Umraniye,Noon,20%,40,Single,30,212,4.7,162,4.1,48,12,126,38,2025-03-28 15:08:56
523,Umraniye,Noon,20%,40,Single,30,212,4.6,164,4.1,48,12,126,37,2025-03-28 15:09:01
524,Umraniye,Noon,20%,40,Single,30,214,4.7,162,4.2,48,12,126,37,2025-03-28 15:09:06
525,Umraniye,Noon,20%,40,Single,30,216,4.6,164,4.0,48,12,126,39,2025-03-28 15:09:11
526,Umraniye,Noon,20%,40,Single,30,210,4.9,164,4.7,48,12,126,39,2025-03-28 15:09:16
527,Umraniye,Noon,20%,40,Single,30,208,4.8,162,4.0,48,12,126,37,2025-03-28 15:09:21
528,Umraniye,Noon,20%,40,Single,30,216,4.6,166,4.5,48,12,126,37,2025-03-28 15:09:26
529,Umraniye,Noon,20%,40,Single,30,210,4.7,166,4.4,48,12,126,37,2025-03-28 15:09:31
530,Umraniye,Noon,20%,40,Single,30,210,5.0,162,4.6,48,12,126,36,2025-03-28 15:09:36
531,Umraniye,Noon,20%,40,Single,30,214,4.5,160,4.2,48,12,126,37,2025-03-28 15:09:41
532,Umraniye,Noon,20%,40,Single,30,210,5.2,162,4.4,48,12,126,37,2025-03-28 15:09:46
533,Umraniye,Noon,20%,40,Single,30,212,4.8,162,4.0,48,12,126,36,2025-03-28 15:09:51
534,Umraniye,Noon,20%,40,Single,30,214,4.8,162,4.3,48,12,126,40,2025-03-28 15:09:56
535,Umraniye,Noon,20%,40,Single,30,210,4.5,162,4.0,48,12,126,37,2025-03-28 15:10:01
536,Umraniye,Noon,20%,40,Single,30,212,5.3,162,4.3,48,12,126,40,2025-03-28 15:10:06
537,Umraniye,Noon,20%,40,Single,30,214,4.7,162,3.9,48,12,126,41,2025-03-28 15:10:11
538,Umraniye,Noon,20%,40,Single,30,210,4.7,162,4.0,48,12,126,42,2025-03-28 15:10:16
539,Umraniye,Noon,20%,40,Single,30,208,4.7,162,4.0,48,12,126,39,2025-03-28 15:10:21
540,Umraniye,Noon,20%,40,Single,30,212,4.6,162,4.1,48,12,126,36,2025-03-28 15:10:26
541,Umraniye,Noon,20%,40,Single,30,210,4.5,162,4.4,48,12,126,37,2025-03-28 15:10:31
542,Umraniye,Noon,20%,40,Single,30,206,5.3,164,4.5,48,12,126,37,2025-03-28 15:10:36
543,Umraniye,Noon,20%,40,Single,30,210,4.7,160,4.1,48,12,126,41,2025-03-28 15:10:41
544,Umraniye,Noon,20%,40,Single,30,208,4.6,162,4.0,48,12,126,40,2025-03-28 15:10:46
545,Umraniye,Noon,20%,40,Single,30,210,4.7,164,4.3,48,12,126,41,2025-03-28 15:10:51
546,Umraniye,Noon,20%,40,Single,30,210,5.0,164,4.6,48,12,126,36,2025-03-28 15:10:56
547,Umraniye,Noon,20%,40,Single,30,212,5.4,162,4.1,48,12,126,36,2025-03-28 15:11:01
548,Umraniye,Noon,20%,40,Single,30,212,4.8,164,4.0,48,12,126,37,2025-03-28 15:11:06
549,Umraniye,Noon,20%,40,Single,30,210,4.9,162,4.1,48,12,126,39,2025-03-28 15:11:11
550,Umraniye,Noon,20%,40,Single,30,208,4.8,164,4.6,48,12,126,40,2025-03-28 15:11:16
551,Umraniye,Noon,20%,40,Single,30,206,4.7,160,4.3,48,12,126,41,2025-03-28 15:11:21
552,Umraniye,Noon,20%,40,Single,30,208,4.6,162,4.3,48,12,126,42,2025-03-28 15:11:26
553,Umraniye,Noon,20%,40,Single,30,210,4.6,162,4.3,48,12,126,38,2025-03-28 15:11:31
554,Umraniye,Noon,20%,40,Single,30,214,4.6,162,4.4,48,12,126,40,2025-03-28 15:11:36
555,Umraniye,Noon,20%,40,Single,30,208,4.7,162,4.1,48,12,126,40,2025-03-28 15:11:41
556,Umraniye,Noon,20%,40,Single,30,208,4.7,162,4.0,48,12,126,37,2025-03-28 15:11:46
557,Umraniye,Noon,20%,40,Single,30,212,5.1,166,4.4,48,12,126,38,2025-03-28 15:11:51
558,Umraniye,Noon,20%,40,Single,30,208,4.9,164,4.4,48,12,126,35,2025-03-28 15:11:56
559,Umraniye,Noon,20%,40,Single,30,210,4.7,162,4.0,48,12,126,36,2025-03-28 15:12:01
560,Umraniye,Noon,20%,40,Single,30,212,4.9,162,4.1,48,12,126,40,2025-03-28 15:12:06
561,Umraniye,Noon,20%,40,Single,30,208,4.6,164,4.0,48,12,126,40,2025-03-28 15:12:11
562,Umraniye,Noon,20%,40,Single,30,212,4.7,162,4.6,48,12,126,40,2025-03-28 15:12:16
563,Umraniye,Noon,20%,40,Single,30,212,4.7,162,4.1,48,12,126,40,2025-03-28 15:12:21
564,Umraniye,Noon,20%,40,Single,30,208,5.2,166,4.5,48,12,126,40,2025-03-28 15:12:26
565,Umraniye,Noon,20%,40,Single,30,208,4.9,160,4.1,48,12,126,41,2025-03-28 15:12:31
566,Umraniye,Noon,20%,40,Single,30,210,4.9,164,4.5,48,12,126,39,2025-03-28 15:12:36
567,Umraniye,Noon,20%,40,Single,30,212,4.7,164,4.4,48,12,126,40,2025-03-28 15:12:41
568,Umraniye,Noon,20%,40,Single,30,214,4.6,162,4.1,48,12,126,36,2025-03-28 15:12:46
569,Umraniye,Noon,20%,40,Single,30,210,4.7,164,4.2,48,12,126,37,2025-03-28 15:12:51
570,Umraniye,Noon,20%,40,Single,30,214,4.6,162,4.1,48,12,126,37,2025-03-28 15:12:56
571,Umraniye,Noon,20%,40,Single,30,214,4.7,168,4.4,48,12,126,40,2025-03-28 15:13:01
572,Umraniye,Noon,20%,40,Single,30,210,5.2,164,4.6,48,12,126,38,2025-03-28 15:13:06
573,Umraniye,Noon,20%,40,Single,30,212,5.3,166,4.4,48,12,126,40,2025-03-28 15:13:11
574,Umraniye,Noon,20%,40,Single,30,210,4.8,162,4.7,48,12,126,41,2025-03-28 15:13:16
575,Umraniye,Noon,20%,40,Single,30,208,4.5,164,4.0,48,12,126,37,2025-03-28 15:13:21
576,Umraniye,Noon,20%,40,Single,30,210,4.7,164,4.8,48,12,126,42,2025-03-28 15:13:26
577,Umraniye,Noon,20%,40,Single,30,212,4.6,162,4.0,48,12,126,38,2025-03-28 15:13:31
578,Umraniye,Noon,20%,40,Single,30,214,4.7,162,4.1,48,12,126,36,2025-03-28 15:13:36
579,Umraniye,Noon,20%,40,Single,30,210,4.9,166,4.4,48,12,126,41,2025-03-28 15:13:41
580,Umraniye,Noon,20%,40,Single,30,216,4.8,166,4.3,48,12,126,40,2025-03-28 15:13:46
581,Umraniye,Noon,20%,40,Single,30,210,4.6,158,4.1,48,12,126,41,2025-03-28 15:13:51
582,Umraniye,Noon,20%,40,Single,30,208,4.6,162,4.1,48,12,126,42,2025-03-28 15:13:56
583,Umraniye,Noon,20%,40,Single,30,212,5.1,160,4.0,48,12,126,38,2025-03-28 15:14:01
584,Umraniye,Noon,20%,40,Single,30,208,4.8,166,4.5,48,12,126,38,2025-03-28 15:14:06
585,Umraniye,Noon,20%,40,Single,30,212,5.6,164,4.6,48,12,126,42,2025-03-28 15:14:11
586,Umraniye,Noon,20%,40,Single,30,212,4.9,162,4.2,48,12,126,42,2025-03-28 15:14:16
587,Umraniye,Noon,20%,40,Single,30,210,5.3,162,4.2,48,12,126,40,2025-03-28 15:14:21
588,Umraniye,Noon,20%,40,Single,30,210,4.8,162,4.3,48,12,126,41,2025-03-28 15:14:26
589,Umraniye,Noon,20%,40,Single,30,210,5.1,164,4.2,48,12,126,39,2025-03-28 15:14:31
590,Umraniye,Noon,20%,40,Single,30,214,4.6,164,4.5,48,12,126,41,2025-03-28 15:14:36
591,Umraniye,Noon,20%,40,Single,30,212,4.6,164,4.0,48,12,126,42,2025-03-28 15:14:41
592,Umraniye,Noon,20%,40,Single,30,210,4.7,162,4.2,48,12,126,38,2025-03-28 15:14:46
593,Umraniye,Noon,20%,40,Single,30,210,4.7,164,4.5,48,12,126,39,2025-03-28 15:14:51
594,Umraniye,Noon,20%,40,Single,30,214,4.6,162,4.1,48,12,126,41,2025-03-28 15:14:56
595,Umraniye,Noon,20%,40,Single,30,210,4.9,162,4.3,48,12,126,38,2025-03-28 15:15:01
596,Umraniye,Noon,20%,40,Single,30,210,4.7,160,4.1,48,12,126,40,2025-03-28 15:15:06
597,Umraniye,Noon,20%,40,Single,30,214,4.8,164,4.0,48,12,126,40,2025-03-28 15:15:11
598,Umraniye,Noon,20%,40,Single,30,210,4.7,164,4.5,48,12,126,40,2025-03-28 15:15:16
599,Umraniye,Noon,20%,40,Single,30,210,4.9,164,4.2,48,12,126,39,2025-03-28 15:15:21
600,Umraniye,Noon,20%,40,Single,30,214,5.2,162,4.5,48,12,126,42,2025-03-28 15:15:26
601,Umraniye,Noon,20%,40,Single,30,210,4.7,162,4.0,48,12,126,41,2025-03-28 15:15:31
602,Umraniye,Noon,20%,40,Single,30,208,5.6,162,4.0,48,12,126,37,2025-03-28 15:15:36
603,Umraniye,Noon,20%,40,Single,30,214,4.5,162,4.4,48,12,126,38,2025-03-28 15:15:41
604,Umraniye,Noon,20%,40,Single,30,210,5.2,164,4.1,48,12,126,39,2025-03-28 15:15:46
605,Umraniye,Noon,20%,40,Single,30,208,4.7,166,4.5,48,12,126,36,2025-03-28 15:15:51
606,Umraniye,Noon,20%,40,Single,30,214,4.8,158,4.2,48,12,126,39,2025-03-28 15:15:56
607,Umraniye,Noon,20%,40,Single,30,208,4.6,164,4.5,48,12,126,36,2025-03-28 15:16:01
608,Umraniye,Noon,20%,40,Single,30,212,4.6,164,4.1,48,12,126,37,2025-03-28 15:16:06
609,Umraniye,Noon,20%,40,Single,30,212,4.8,168,4.5,48,12,126,36,2025-03-28 15:16:11
610,Umraniye,Noon,20%,40,Single,30,212,4.2,160,4.1,48,12,126,42,2025-03-28 15:16:16
611,Umraniye,Noon,20%,40,Single,30,208,5.3,160,4.0,48,12,126,42,2025-03-28 15:16:21
612,Umraniye,Noon,20%,40,Single,30,212,4.7,164,4.4,48,12,126,37,2025-03-28 15:16:26
613,Umraniye,Noon,20%,40,Single,30,212,4.9,164,3.9,48,12,126,39,2025-03-28 15:16:31
614,Umraniye,Noon,20%,40,Single,30,212,5.2,164,4.6,48,12,126,40,2025-03-28 15:16:36
615,Umraniye,Noon,20%,40,Single,30,208,4.7,162,4.1,48,12,126,40,2025-03-28 15:16:41
616,Umraniye,Noon,20%,40,Single,30,212,4.1,162,4.1,48,12,126,42,2025-03-28 15:16:46
617,Umraniye,Noon,20%,40,Single,30,212,5.0,164,4.4,48,12,126,40,2025-03-28 15:16:51
618,Umraniye,Noon,20%,40,Single,30,210,4.8,160,4.1,48,12,126,38,2025-03-28 15:16:56
619,Umraniye,Noon,20%,40,Single,30,212,4.7,162,4.1,48,12,126,42,2025-03-28 15:17:01
620,Umraniye,Noon,20%,40,Single,30,210,4.7,164,4.2,48,12,126,40,2025-03-28 15:17:06
621,Umraniye,Noon,20%,40,Single,30,210,5.5,164,4.4,48,12,126,36,2025-03-28 15:17:11
622,Umraniye,Noon,20%,40,Single,30,210,4.7,162,4.5,48,12,126,36,2025-03-28 15:17:16
623,Umraniye,Noon,20%,40,Single,30,212,4.8,166,4.4,48,12,126,41,2025-03-28 15:17:21
624,Umraniye,Noon,20%,40,Single,30,210,5.3,166,4.5,48,12,126,38,2025-03-28 15:17:26
625,Umraniye,Noon,20%,40,Single,30,210,4.7,164,4.3,48,12,126,40,2025-03-28 15:17:31
626,Umraniye,Noon,20%,40,Single,30,216,4.7,160,4.0,48,12,126,38,2025-03-28 15:17:36
627,Umraniye,Noon,20%,40,Single,30,208,4.7,164,4.4,48,12,126,36,2025-03-28 15:17:41
628,Umraniye,Noon,20%,40,Single,30,208,4.8,162,4.4,48,12,126,38,2025-03-28 15:17:46
629,Umraniye,Noon,20%,40,Single,30,210,4.7,164,4.5,48,12,126,37,2025-03-28 15:17:51
630,Umraniye,Noon,20%,40,Single,30,210,4.7,160,4.3,48,12,126,42,2025-03-28 15:17:56
631,Umraniye,Noon,20%,40,Single,30,210,5.1,164,4.3,48,12,126,36,2025-03-28 15:18:01
632,Umraniye,Noon,20%,40,Single,30,212,4.8,164,4.1,48,12,126,40,2025-03-28 15:18:06
633,Umraniye,Noon,20%,40,Single,30,212,4.6,164,4.4,48,12,126,36,2025-03-28 15:18:11
634,Umraniye,Noon,20%,40,Single,30,212,4.7,162,4.2,48,12,126,41,2025-03-28 15:18:16
635,Umraniye,Noon,20%,40,Single,30,210,4.9,162,4.1,48,12,126,39,2025-03-28 15:18:21
636,Umraniye,Noon,20%,40,Single,30,210,4.7,162,4.1,48,12,126,43,2025-03-28 15:18:26
637,Umraniye,Noon,20%,40,Single,30,210,4.8,160,4.0,48,12,126,39,2025-03-28 15:18:31
638,Umraniye,Noon,20%,40,Single,30,210,4.8,164,4.4,48,12,126,40,2025-03-28 15:18:36
639,Umraniye,Noon,20%,40,Single,30,214,4.6,162,4.5,48,12,126,37,2025-03-28 15:18:41
640,Umraniye,Noon,20%,40,Single,30,216,5.2,162,4.1,48,12,126,37,2025-03-28 15:18:46
641,Umraniye,Noon,20%,40,Single,30,212,4.7,164,4.2,48,12,126,36,2025-03-28 15:18:51
642,Umraniye,Noon,20%,40,Single,30,216,5.0,164,4.6,48,12,126,42,2025-03-28 15:18:56
643,Umraniye,Noon,20%,40,Single,30,216,4.6,160,4.2,48,12,126,38,2025-03-28 15:19:01
644,Umraniye,Noon,20%,40,Single,30,210,4.9,164,4.2,48,12,126,41,2025-03-28 15:19:06
645,Umraniye,Noon,20%,40,Single,30,212,4.8,166,4.5,48,12,126,36,2025-03-28 15:19:11
646,Umraniye,Noon,20%,40,Single,30,214,4.7,166,4.5,48,12,126,42,2025-03-28 15:19:16
647,Umraniye,Noon,20%,40,Single,30,212,4.6,164,4.1,48,12,126,38,2025-03-28 15:19:21
648,Umraniye,Noon,20%,40,Single,30,212,4.8,166,4.5,48,12,126,38,2025-03-28 15:19:26
649,Umraniye,Noon,20%,40,Single,30,216,5.2,168,4.1,48,12,126,39,2025-03-28 15:19:31
650,Umraniye,Noon,20%,40,Single,30,212,4.7,164,4.1,48,12,126,42,2025-03-28 15:19:36
651,Umraniye,Noon,20%,40,Single,30,212,4.8,160,4.1,48,12,126,36,2025-03-28 15:19:41
652,Umraniye,Noon,20%,40,Single,30,216,4.7,162,4.2,48,12,126,39,2025-03-28 15:19:46
653,Umraniye,Noon,20%,40,Single,30,212,4.8,162,4.0,48,12,126,41,2025-03-28 15:19:51
654,Umraniye,Noon,20%,40,Single,30,214,4.6,162,4.1,48,12,126,38,2025-03-28 15:19:56
655,Umraniye,Noon,20%,40,Single,30,214,4.9,164,4.0,48,12,126,38,2025-03-28 15:20:01
656,Umraniye,Noon,20%,40,Single,30,212,4.7,162,4.1,48,12,126,39,2025-03-28 15:20:06
657,Umraniye,Noon,20%,40,Single,30,214,5.1,162,4.5,48,12,126,41,2025-03-28 15:20:11
658,Umraniye,Noon,20%,40,Single,30,212,5.3,166,4.3,48,12,126,39,2025-03-28 15:20:16
659,Umraniye,Noon,20%,40,Single,30,212,5.1,164,4.4,48,12,126,38,2025-03-28 15:20:21
660,Umraniye,Noon,20%,40,Single,30,212,4.8,162,4.1,48,12,126,41,2025-03-28 15:20:26
661,Umraniye,Noon,20%,40,Single,30,210,4.7,162,4.0,48,12,126,37,2025-03-28 15:20:31
662,Umraniye,Noon,20%,40,Single,30,212,4.6,162,4.2,48,12,126,38,2025-03-28 15:20:36
663,Umraniye,Noon,20%,40,Single,30,210,5.4,158,4.1,48,12,126,38,2025-03-28 15:20:41
664,Umraniye,Noon,20%,40,Single,30,210,5.0,162,4.1,48,12,126,37,2025-03-28 15:20:46
665,Umraniye,Noon,20%,40,Single,30,212,4.9,162,4.0,48,12,126,41,2025-03-28 15:20:51
666,Umraniye,Noon,20%,40,Single,30,214,4.7,164,4.1,48,12,126,40,2025-03-28 15:20:56
667,Umraniye,Noon,20%,40,Single,30,212,3.9,160,4.1,48,12,126,40,2025-03-28 15:21:01
668,Umraniye,Noon,20%,40,Single,30,214,4.6,164,4.2,48,12,126,38,2025-03-28 15:21:06
669,Umraniye,Noon,20%,40,Single,30,216,4.7,162,4.0,48,12,126,42,2025-03-28 15:21:11
670,Umraniye,Noon,20%,40,Single,30,212,5.1,162,4.6,48,12,126,36,2025-03-28 15:21:16
671,Umraniye,Noon,20%,40,Single,30,210,4.6,162,4.1,48,12,126,39,2025-03-28 15:21:21
672,Umraniye,Noon,20%,40,Single,30,218,4.5,166,4.4,48,12,126,40,2025-03-28 15:21:26
673,Umraniye,Noon,20%,40,Single,30,210,5.0,164,4.6,48,12,126,38,2025-03-28 15:21:31
674,Umraniye,Noon,20%,40,Single,30,210,5.1,164,4.4,48,12,126,42,2025-03-28 15:21:36
675,Umraniye,Noon,20%,40,Single,30,220,4.6,162,4.1,48,12,126,38,2025-03-28 15:21:41
676,Umraniye,Noon,20%,40,Single,30,212,4.6,162,4.7,48,12,126,42,2025-03-28 15:21:46
677,Umraniye,Noon,20%,40,Single,30,212,4.7,168,4.0,48,12,126,41,2025-03-28 15:21:51
678,Umraniye,Noon,20%,40,Single,30,214,4.8,162,4.1,48,12,126,40,2025-03-28 15:21:56
679,Umraniye,Noon,20%,40,Single,30,214,4.7,164,4.1,48,12,126,38,2025-03-28 15:22:01
680,Umraniye,Noon,20%,40,Single,30,214,4.7,168,4.5,48,12,126,40,2025-03-28 15:22:06
681,Umraniye,Noon,20%,40,Single,30,212,4.8,162,4.0,48,12,126,38,2025-03-28 15:22:11
682,Umraniye,Noon,20%,40,Single,30,212,4.8,160,4.3,48,12,126,41,2025-03-28 15:22:16
683,Umraniye,Noon,20%,40,Single,30,212,4.5,162,4.1,48,12,126,39,2025-03-28 15:22:21
684,Umraniye,Noon,20%,40,Single,30,212,4.7,164,4.0,48,12,126,42,2025-03-28 15:22:26
685,Umraniye,Noon,20%,40,Single,30,214,4.6,162,4.1,48,12,126,36,2025-03-28 15:22:31
686,Umraniye,Noon,20%,40,Single,30,212,4.8,166,3.9,48,12,126,39,2025-03-28 15:22:36
687,Umraniye,Noon,20%,40,Single,30,212,5.5,166,4.5,48,12,126,37,2025-03-28 15:22:41
688,Umraniye,Noon,20%,40,Single,30,214,4.6,164,4.0,48,12,126,41,2025-03-28 15:22:46
689,Umraniye,Noon,20%,40,Single,30,214,4.8,166,4.4,48,12,126,38,2025-03-28 15:22:51
690,Umraniye,Noon,20%,40,Single,30,212,5.3,166,4.3,48,12,126,38,2025-03-28 15:22:56
691,Umraniye,Noon,20%,40,Single,30,214,4.6,164,4.0,48,12,126,36,2025-03-28 15:23:01
692,Umraniye,Noon,20%,40,Single,30,214,4.7,164,4.3,48,12,126,37,2025-03-28 15:23:06
693,Umraniye,Noon,20%,40,Single,30,212,5.4,166,4.2,48,12,126,41,2025-03-28 15:23:11
694,Umraniye,Noon,20%,40,Single,30,212,5.0,162,4.0,48,12,126,38,2025-03-28 15:23:16
695,Umraniye,Noon,20%,40,Single,30,214,4.5,164,4.1,48,12,126,42,2025-03-28 15:23:21
696,Umraniye,Noon,20%,40,Single,30,210,4.7,164,4.3,48,12,126,39,2025-03-28 15:23:26
697,Umraniye,Noon,20%,40,Single,30,210,4.8,164,4.5,48,12,126,42,2025-03-28 15:23:31
698,Umraniye,Noon,20%,40,Single,30,216,5.2,166,4.6,48,12,126,38,2025-03-28 15:23:36
699,Umraniye,Noon,20%,40,Single,30,212,4.9,168,4.2,48,12,126,37,2025-03-28 15:23:41
700,Umraniye,Noon,20%,40,Single,30,208,5.4,162,4.0,48,12,126,42,2025-03-28 15:23:46
701,Umraniye,Noon,20%,40,Single,30,212,5.3,162,4.1,48,12,126,38,2025-03-28 15:23:51
702,Umraniye,Noon,20%,40,Single,30,210,4.6,164,4.0,48,12,126,38,2025-03-28 15:23:56
703,Umraniye,Noon,20%,40,Single,30,214,4.7,164,4.6,48,12,126,41,2025-03-28 15:24:01
704,Umraniye,Noon,20%,40,Single,30,212,4.9,164,4.2,48,12,126,38,2025-03-28 15:24:06
705,Umraniye,Noon,20%,40,Single,30,210,5.2,166,4.4,48,12,126,40,2025-03-28 15:24:11
706,Umraniye,Noon,20%,40,Single,30,214,4.7,162,4.0,48,12,126,36,2025-03-28 15:24:16
707,Umraniye,Noon,20%,40,Single,30,212,4.7,162,4.1,48,12,126,38,2025-03-28 15:24:21
708,Umraniye,Noon,20%,40,Single,30,212,4.7,162,4.1,48,12,126,36,2025-03-28 15:24:26
709,Umraniye,Noon,20%,40,Single,30,210,4.6,164,4.6,48,12,126,38,2025-03-28 15:24:31
710,Umraniye,Noon,20%,40,Single,30,210,4.7,164,4.1,48,12,126,42,2025-03-28 15:24:36
711,Umraniye,Noon,20%,40,Single,30,214,5.6,168,4.5,48,12,126,40,2025-03-28 15:24:41
712,Umraniye,Noon,20%,40,Single,30,214,4.7,162,4.2,48,12,126,38,2025-03-28 15:24:46
713,Umraniye,Noon,20%,40,Single,30,210,4.8,162,4.2,48,12,126,37,2025-03-28 15:24:51
714,Umraniye,Noon,20%,40,Single,30,210,5.0,164,4.2,48,12,126,36,2025-03-28 15:24:56
715,Umraniye,Noon,20%,40,Single,30,214,4.8,164,4.1,48,12,126,40,2025-03-28 15:25:01
716,Umraniye,Noon,20%,40,Single,30,210,4.9,162,4.0,48,12,126,35,2025-03-28 15:25:06
717,Umraniye,Noon,20%,40,Single,30,210,4.7,164,4.2,48,12,126,38,2025-03-28 15:25:11
718,Umraniye,Noon,20%,40,Single,30,214,4.8,166,4.6,48,12,126,38,2025-03-28 15:25:16
719,Umraniye,Noon,20%,40,Single,30,208,4.9,164,4.7,48,12,126,36,2025-03-28 15:25:21
720,Umraniye,Noon,20%,40,Single,30,208,5.6,168,4.1,48,12,126,38,2025-03-28 15:25:26
721,Umraniye,Noon,20%,40,Single,30,212,5.3,162,4.4,48,12,126,36,2025-03-28 15:25:31
722,Umraniye,Noon,20%,40,Single,30,210,5.0,162,4.4,48,12,126,40,2025-03-28 15:25:36
723,Umraniye,Noon,20%,40,Single,30,210,4.7,162,4.1,48,12,126,40,2025-03-28 15:25:41
724,Umraniye,Noon,20%,40,Single,30,212,5.2,162,4.6,48,12,126,36,2025-03-28 15:25:46
725,Umraniye,Noon,20%,40,Single,30,210,5.6,166,4.3,48,12,126,36,2025-03-28 15:25:51
726,Umraniye,Noon,20%,40,Single,30,210,5.3,160,4.0,48,12,126,41,2025-03-28 15:25:56
727,Umraniye,Noon,20%,40,Single,30,216,4.7,162,4.2,48,12,126,43,2025-03-28 15:26:01
728,Umraniye,Noon,20%,40,Single,30,212,4.7,162,4.1,48,12,126,43,2025-03-28 15:26:06
729,Umraniye,Noon,20%,40,Single,30,214,4.3,162,4.0,48,12,126,37,2025-03-28 15:26:11
730,Umraniye,Noon,20%,40,Single,30,212,4.6,166,4.4,48,12,126,40,2025-03-28 15:26:16
731,Umraniye,Noon,20%,40,Single,30,212,4.1,162,4.1,48,12,126,41,2025-03-28 15:26:21
732,Umraniye,Noon,20%,40,Single,30,212,4.8,162,4.4,48,12,126,40,2025-03-28 15:26:26
733,Umraniye,Noon,20%,40,Single,30,210,5.6,162,4.3,48,12,126,36,2025-03-28 15:26:31
734,Umraniye,Noon,20%,40,Single,30,212,4.7,164,4.0,48,12,126,37,2025-03-28 15:26:36
735,Umraniye,Noon,20%,40,Single,30,214,4.6,162,4.0,48,12,126,40,2025-03-28 15:26:41
736,Umraniye,Noon,20%,40,Single,30,210,4.9,162,4.2,48,12,126,37,2025-03-28 15:26:46
737,Umraniye,Noon,20%,40,Single,30,212,4.6,164,4.4,48,12,126,40,2025-03-28 15:26:51
738,Umraniye,Noon,20%,40,Single,30,212,5.0,166,4.5,48,12,126,37,2025-03-28 15:26:56
739,Umraniye,Noon,20%,40,Single,30,210,4.7,162,4.2,48,12,126,38,2025-03-28 15:27:01
740,Umraniye,Noon,20%,40,Single,30,212,4.7,162,4.1,48,12,126,40,2025-03-28 15:27:06
741,Umraniye,Noon,20%,40,Single,30,208,4.5,160,4.3,48,12,126,42,2025-03-28 15:27:11
742,Umraniye,Noon,20%,40,Single,30,210,5.3,162,4.7,48,12,126,38,2025-03-28 15:27:16
743,Umraniye,Noon,20%,40,Single,30,210,5.2,162,4.4,48,12,126,42,2025-03-28 15:27:21
744,Umraniye,Noon,20%,40,Single,30,210,4.6,162,4.2,48,12,126,39,2025-03-28 15:27:26
745,Umraniye,Noon,20%,40,Single,30,210,4.6,160,4.1,48,12,126,37,2025-03-28 15:27:31
746,Umraniye,Noon,20%,40,Single,30,208,5.2,164,4.5,48,12,126,37,2025-03-28 15:27:36
747,Umraniye,Noon,20%,40,Single,30,212,5.2,160,4.3,48,12,126,37,2025-03-28 15:27:41
748,Umraniye,Noon,20%,40,Single,30,208,4.8,162,4.2,48,12,126,40,2025-03-28 15:27:46
749,Umraniye,Noon,20%,40,Single,30,208,4.1,162,4.4,48,12,126,41,2025-03-28 15:27:51
750,Umraniye,Noon,20%,40,Single,30,214,4.7,164,4.5,48,12,126,37,2025-03-28 15:27:56
751,Umraniye,Noon,20%,40,Single,30,208,5.3,166,4.4,48,12,126,37,2025-03-28 15:28:01
752,Umraniye,Noon,20%,40,Single,30,212,5.1,166,4.6,48,12,126,40,2025-03-28 15:28:06
753,Umraniye,Noon,20%,40,Single,30,212,4.8,162,4.2,48,12,126,41,2025-03-28 15:28:11
754,Umraniye,Noon,20%,40,Single,30,210,4.7,162,4.1,48,12,126,38,2025-03-28 15:28:16
755,Umraniye,Noon,20%,40,Single,30,212,4.9,164,4.0,48,12,126,40,2025-03-28 15:28:21
756,Umraniye,Noon,20%,40,Single,30,212,4.7,160,4.2,48,12,126,41,2025-03-28 15:28:26
757,Umraniye,Noon,20%,40,Single,30,210,5.2,162,4.5,48,12,126,38,2025-03-28 15:28:31
758,Umraniye,Noon,20%,40,Single,30,210,4.9,162,4.5,48,12,126,37,2025-03-28 15:28:36
759,Umraniye,Noon,20%,40,Single,30,210,4.8,162,4.1,48,12,126,41,2025-03-28 15:28:41
760,Umraniye,Noon,20%,40,Single,30,212,5.0,164,4.4,48,12,126,38,2025-03-28 15:28:46
761,Umraniye,Noon,20%,40,Single,30,212,5.6,164,4.3,48,12,126,39,2025-03-28 15:28:51
762,Umraniye,Noon,20%,40,Single,30,212,5.1,162,4.1,48,12,126,42,2025-03-28 15:28:56
763,Umraniye,Noon,20%,40,Single,30,212,4.8,164,4.6,48,12,126,38,2025-03-28 15:29:01
764,Umraniye,Noon,20%,40,Single,30,214,4.7,162,4.0,48,12,126,40,2025-03-28 15:29:06
765,Umraniye,Noon,20%,40,Single,30,210,4.7,162,4.0,48,12,126,42,2025-03-28 15:29:11
766,Umraniye,Noon,20%,40,Single,30,212,4.7,164,4.0,48,12,126,42,2025-03-28 15:29:16
767,Umraniye,Noon,20%,40,Single,30,212,5.5,164,4.2,48,12,126,37,2025-03-28 15:29:21
768,Umraniye,Noon,20%,40,Single,30,210,5.0,166,4.2,48,12,126,42,2025-03-28 15:29:26
769,Umraniye,Noon,20%,40,Single,30,210,4.8,162,4.1,48,12,126,42,2025-03-28 15:29:31
770,Umraniye,Noon,20%,40,Single,30,216,4.9,162,4.7,48,12,126,38,2025-03-28 15:29:36
771,Umraniye,Noon,20%,40,Single,30,210,4.7,162,4.1,48,12,126,41,2025-03-28 15:29:41
772,Umraniye,Noon,20%,40,Single,30,208,4.9,162,4.3,48,12,126,38,2025-03-28 15:29:46
773,Umraniye,Noon,20%,40,Single,30,214,4.9,164,4.2,48,12,126,40,2025-03-28 15:29:51
774,Umraniye,Noon,20%,40,Single,30,212,4.9,164,4.5,48,12,126,37,2025-03-28 15:29:56
775,Umraniye,Noon,20%,40,Single,30,210,4.7,162,4.0,48,12,126,42,2025-03-28 15:30:01
776,Umraniye,Noon,20%,40,Single,30,210,4.7,162,4.0,48,12,126,40,2025-03-28 15:30:06
777,Umraniye,Noon,20%,40,Single,30,212,4.6,162,4.1,48,12,126,37,2025-03-28 15:30:11
778,Umraniye,Noon,20%,40,Single,30,212,4.7,160,4.1,48,12,126,42,2025-03-28 15:30:16
779,Umraniye,Noon,20%,40,Single,30,212,5.5,164,4.1,48,12,126,41,2025-03-28 15:30:21
780,Umraniye,Noon,20%,40,Single,30,210,4.8,166,4.6,48,12,126,38,2025-03-28 15:30:26
781,Umraniye,Noon,20%,40,Single,30,210,5.1,164,4.6,48,12,126,37,2025-03-28 15:30:31
782,Umraniye,Noon,20%,40,Single,30,212,5.3,166,4.3,48,12,126,40,2025-03-28 15:30:36
783,Umraniye,Noon,20%,40,Single,30,214,4.9,164,4.3,48,12,126,42,2025-03-28 15:30:41
784,Umraniye,Noon,20%,40,Single,30,216,4.7,164,4.5,48,12,126,43,2025-03-28 15:30:46
785,Umraniye,Noon,20%,40,Single,30,210,4.8,162,4.3,48,12,126,42,2025-03-28 15:30:51
786,Umraniye,Noon,20%,40,Single,30,214,5.5,164,4.3,48,12,126,39,2025-03-28 15:30:56
